Country,Year,Status,Adult Mortality,infant deaths,Alcohol,BMI,GDP,Population,Schooling,Life expectancy
Country A,2007,Developing,184,532,8.84,44.7,18048.5,33603905,10.1,63.1
Country C,2000,Developed,309,882,10.19,27.7,62805.68,23574036,7.7,73.5
Country D,2000,Developed,508,409,4.42,76.9,20259.58,94544809,8.3,69.5
Country D,2009,Developed,281,639,6.63,44.4,54864.78,40120714,11.9,74.4
Country A,2002,Developing,158,587,12.1,10.6,55528.57,94787783,1.2,58.1
Country C,2005,Developed,360,72,4.97,16.5,7580.91,57716455,3.5,66.0
Country A,2006,Developing,259,232,2.48,29.9,45672.31,46936891,4.5,55.9
Country A,2001,Developing,157,854,5.68,16.5,46142.55,69782241,8.2,64.5
Country C,2013,Developing,425,105,1.05,72.6,31947.71,70038580,7.4,56.9
Country A,2005,Developed,606,900,10.77,69.8,27752.0,65479426,14.4,69.8
Country D,2011,Developed,21,8,2.22,78.0,22468.58,38467134,5.2,75.0
Country B,2004,Developed,639,630,4.28,59.5,643.81,48509665,1.1,66.8
Country D,2014,Developed,347,49,13.22,55.2,231.54,21067959,1.1,67.4
Country B,2005,Developing,350,521,8.11,74.6,58999.23,20244614,0.2,51.2
Country C,2000,Developing,385,624,4.83,76.2,29181.82,91899379,0.8,53.0
Country A,2013,Developed,438,441,8.22,71.4,16830.47,30931277,17.2,73.8
Country B,2009,Developed,456,777,3.28,70.3,68489.28,82204007,13.9,68.8
Country C,2006,Developing,624,589,0.39,57.0,52914.01,34578951,19.9,54.6
Country C,2007,Developed,546,35,9.06,10.1,91500.08,13244957,0.4,63.9
Country C,2013,Developed,80,201,10.71,40.1,83110.14,94903775,17.0,79.6
Country D,2006,Developing,452,823,13.2,54.5,72686.58,18867544,13.9,54.8
Country D,2015,Developed,595,117,11.58,48.3,12701.87,76980826,12.8,66.6
Country B,2015,Developed,541,701,13.9,67.5,66625.57,56727998,7.1,67.4
Country B,2008,Developed,489,753,14.79,67.3,69407.95,55727367,7.5,68.7
Country D,2000,Developing,643,804,11.18,51.9,76345.09,11109750,16.9,57.3
Country B,2009,Developed,523,168,13.02,11.5,26350.12,66702415,14.3,69.3
Country B,2008,Developed,392,511,10.11,35.9,64047.74,1841438,13.4,73.5
Country A,2010,Developing,574,229,2.57,26.0,61846.93,1708816,0.6,47.5
Country B,2010,Developing,359,559,2.73,33.7,38561.74,30002191,3.7,55.8
Country C,2012,Developing,33,149,1.66,53.2,66367.52,27216594,19.3,69.0
Country A,2014,Developing,136,854,14.15,14.7,8715.22,98869081,9.1,62.5
Country B,2002,Developing,600,207,10.09,11.6,64368.33,20561816,15.6,58.3
Country A,2001,Developing,410,60,11.85,40.6,60621.26,68793277,7.8,56.1
Country C,2005,Developing,529,842,4.97,65.6,21101.91,34923742,15.3,59.3
Country B,2010,Developed,91,116,6.91,12.1,81830.45,8985357,2.4,71.8
Country A,2004,Developing,413,238,0.61,69.4,87447.68,6344926,0.8,49.2
Country B,2014,Developing,299,882,13.34,36.9,21087.87,72858911,9.3,61.3
Country A,2003,Developing,487,866,12.8,18.3,7642.31,9636873,11.8,56.7
Country A,2003,Developed,73,47,11.77,49.7,60377.37,13958248,6.5,78.0
Country C,2007,Developed,261,447,0.88,76.7,48017.76,40573071,14.3,79.3
Country C,2009,Developing,690,756,2.62,48.0,42788.04,695031,9.9,49.6
Country B,2012,Developing,312,467,5.02,58.1,76112.78,14031039,18.6,61.8
Country D,2002,Developing,685,292,3.95,67.1,96967.78,23662485,1.7,48.8
Country B,2012,Developed,165,424,12.58,66.0,47792.49,16884095,1.3,71.7
Country A,2000,Developing,335,516,2.93,15.1,665.2,29866711,18.1,61.2
Country C,2004,Developed,502,611,7.99,61.9,59646.9,70611445,13.4,69.1
Country C,2007,Developed,161,204,8.58,76.5,65413.89,65346113,13.4,80.3
Country A,2002,Developing,390,179,6.38,59.0,82810.43,11984782,0.6,51.4
Country D,2001,Developed,71,528,3.62,68.6,19980.73,40878073,18.8,84.7
Country C,2000,Developing,92,89,14.4,44.0,52456.55,48762512,15.4,66.8
Country D,2012,Developed,361,499,6.21,32.3,44740.79,50815627,15.3,78.2
Country C,2003,Developed,321,107,10.91,57.3,66460.82,18373247,18.2,74.3
Country A,2015,Developed,245,189,2.77,44.5,6441.11,71995457,11.6,70.2
Country B,2010,Developing,24,179,12.34,72.7,88407.09,17508612,7.9,67.0
Country B,2001,Developed,557,760,3.25,78.2,51140.18,75047895,9.6,70.7
Country D,2013,Developed,403,762,10.13,67.4,87710.69,10130941,15.5,72.6
Country B,2007,Developing,373,19,7.6,79.5,34056.7,78313232,15.4,58.6
Country A,2010,Developed,286,358,2.21,34.4,65369.55,23928541,12.2,75.5
Country B,2012,Developed,441,608,0.38,72.7,95674.68,5582450,4.4,68.0
Country D,2014,Developing,595,733,13.96,33.1,94340.75,49360923,16.4,55.0
Country A,2009,Developing,352,655,1.89,18.3,94413.07,87113770,12.9,57.7
Country A,2011,Developing,219,6,10.58,53.5,4342.54,16678460,4.4,56.9
Country C,2008,Developed,485,861,9.79,41.8,40331.45,68979937,9.6,71.1
Country C,2012,Developed,443,321,5.13,74.5,6125.09,52379503,19.9,76.1
Country B,2009,Developed,218,267,2.79,44.5,30982.23,68968546,6.6,73.0
Country D,2000,Developed,67,426,2.68,74.9,17499.08,85191661,2.3,73.5
Country A,2014,Developed,31,295,8.78,15.5,62032.74,32888632,0.4,78.9
Country B,2001,Developing,322,512,8.21,68.1,78085.58,33581517,3.7,54.3
Country B,2005,Developed,250,569,13.14,63.1,51359.03,46912199,3.7,72.9
Country C,2012,Developing,566,386,9.6,60.4,79557.53,71891949,17.2,62.2
Country B,2009,Developed,10,263,12.29,34.9,1330.69,73390466,3.1,77.7
Country B,2011,Developed,678,89,0.5,64.9,82056.61,90204692,17.3,71.0
Country C,2006,Developing,285,487,10.07,43.8,17877.1,69932545,1.7,57.6
Country B,2001,Developed,153,586,3.51,60.1,46120.54,1936363,18.1,83.8
Country B,2007,Developed,544,956,3.8,48.7,44286.43,64166652,5.1,66.6
Country A,2012,Developing,529,852,10.81,21.0,87321.9,16964570,12.2,52.9
Country B,2009,Developing,371,260,11.9,14.5,96599.62,75832579,3.2,53.9
Country C,2015,Developed,301,487,5.58,35.6,25549.34,96930567,7.8,74.0
Country C,2008,Developing,146,793,11.85,75.3,6787.95,90540772,1.7,57.2
Country A,2007,Developed,587,340,6.66,47.1,65069.65,61197192,11.6,68.6
Country C,2008,Developing,636,328,12.87,66.2,50308.92,94519553,6.9,54.0
Country C,2014,Developed,52,400,0.38,50.3,56592.23,69807736,17.0,84.0
Country C,2005,Developing,404,356,1.26,77.1,4674.71,19326879,3.6,54.9
Country B,2010,Developing,141,754,11.65,35.9,77542.22,14759515,5.6,57.9
Country A,2006,Developed,88,498,9.37,14.0,23273.72,1331131,3.5,74.5
Country D,2005,Developing,427,833,8.39,64.6,33526.93,69079045,11.3,57.9
Country A,2006,Developing,84,434,9.21,59.4,22873.95,32273248,2.2,60.7
Country A,2002,Developing,243,118,13.95,46.9,94597.16,17043948,3.8,60.2
Country A,2003,Developed,106,46,9.84,32.8,16913.75,60248813,13.6,81.0
Country D,2008,Developing,604,167,9.72,23.2,73245.28,7563363,1.5,47.6
Country D,2002,Developing,355,347,11.39,43.8,24612.44,76231077,14.9,64.1
Country C,2001,Developing,21,503,13.0,56.6,42520.72,90573169,2.1,60.1
Country B,2011,Developed,6,538,3.94,50.5,99606.38,93116017,11.7,82.6
Country C,2012,Developed,221,295,9.26,40.6,10102.65,83407441,20.0,79.4
Country C,2010,Developing,87,512,8.76,47.8,88141.86,76844732,3.5,58.5
Country D,2006,Developed,692,173,2.03,17.6,94607.69,84735763,5.2,61.1
Country C,2005,Developing,453,394,7.81,58.7,69837.82,62773279,18.0,57.4
Country C,2002,Developed,342,678,1.05,61.4,1045.72,711787,12.5,73.5
Country D,2005,Developing,393,529,2.78,10.8,82088.82,8056564,9.9,59.7
Country A,2014,Developed,352,602,13.7,28.9,88233.08,62688433,11.3,74.1
Country A,2006,Developing,246,302,1.8,16.4,98094.37,98681527,5.9,54.5
Country D,2005,Developing,686,201,8.69,79.9,83939.61,85654445,17.1,56.5
Country B,2000,Developed,113,995,4.86,51.5,44586.42,30526017,14.9,80.2
Country C,2011,Developing,583,532,8.33,42.6,68880.54,3608229,12.8,57.8
Country A,2013,Developing,158,155,3.53,42.4,48538.59,71401712,18.6,65.2
Country D,2000,Developing,237,896,6.67,77.5,35334.18,63655445,11.6,59.3
Country B,2008,Developed,699,13,13.01,56.2,62661.33,83987231,10.2,69.6
Country C,2005,Developing,243,19,5.65,21.8,76994.75,38910769,19.5,66.9
Country D,2011,Developing,166,755,5.3,41.4,63608.28,40361999,4.1,55.3
Country D,2001,Developing,34,888,6.7,64.2,82666.51,88475736,2.8,61.4
Country D,2014,Developed,255,456,1.52,39.6,17678.68,71840058,3.2,68.1
Country C,2010,Developing,302,172,5.82,31.7,37400.77,54013130,19.8,65.8
Country A,2000,Developed,220,444,0.11,79.4,31292.95,55969901,13.0,74.9
Country C,2010,Developing,32,922,7.56,75.5,19453.01,45560570,6.1,59.9
Country C,2011,Developed,509,121,12.72,75.9,44345.27,43280985,5.0,70.1
Country A,2001,Developed,482,496,8.29,19.2,94789.89,70295635,1.1,66.7
Country D,2007,Developed,233,183,9.12,26.4,53823.93,16137334,2.6,73.1
Country B,2004,Developing,215,819,0.47,40.9,28676.17,59471392,18.2,63.8
Country B,2006,Developed,242,579,12.89,68.2,35438.36,77682957,14.9,77.4
Country A,2006,Developed,245,804,5.78,61.6,61326.92,62297340,18.8,82.6
Country A,2001,Developed,20,849,14.62,69.5,35307.04,56314394,8.5,79.5
Country D,2015,Developed,210,670,1.82,74.5,53857.75,94890894,12.0,81.5
Country B,2003,Developed,426,48,14.17,64.7,27452.28,14830843,9.7,70.9
Country B,2001,Developed,72,180,9.52,28.3,34625.83,43648209,17.6,84.3
Country D,2006,Developed,674,806,0.79,30.0,70587.5,22249705,19.8,73.6
Country A,2004,Developed,178,393,14.58,34.7,58482.6,60728020,18.7,81.2
Country A,2000,Developed,523,392,0.22,31.2,9394.01,51446791,12.0,73.3
Country D,2001,Developing,299,347,10.96,27.4,97319.59,11956566,1.2,53.5
Country A,2005,Developed,266,475,13.34,62.7,4981.23,64579907,12.4,77.6
Country C,2013,Developed,520,140,2.65,12.4,8339.81,5777119,1.9,63.5
Country A,2003,Developed,495,529,5.16,61.0,70153.54,43978859,2.8,64.0
Country C,2006,Developed,275,651,8.42,67.6,70816.41,68487914,3.8,71.5
Country B,2014,Developed,53,583,10.2,14.6,1942.61,78886656,7.3,77.3
Country B,2001,Developed,608,470,13.08,14.3,64293.25,38336855,11.8,66.5
Country A,2012,Developed,400,753,11.42,30.0,3374.34,15758576,6.7,71.9
Country D,2011,Developing,414,772,5.46,24.6,96078.96,96402622,9.0,59.3
Country A,2001,Developing,604,262,12.33,50.7,69629.45,92001240,0.9,47.7
Country D,2011,Developing,656,142,14.49,57.3,18698.48,11896065,12.4,55.2
Country B,2005,Developed,489,706,3.41,54.4,15852.57,9646887,13.1,70.5
Country B,2007,Developed,502,145,1.12,35.0,56987.75,32921081,2.0,65.6
Country B,2012,Developing,307,293,6.41,44.9,63370.2,53638079,15.7,61.6
Country D,2000,Developing,417,537,13.22,54.8,83132.2,20732738,12.9,59.8
Country D,2004,Developed,509,508,2.26,18.4,90336.95,19708905,9.8,69.6
Country B,2000,Developed,530,421,13.29,26.1,39283.72,76709352,11.1,66.0
Country A,2014,Developing,638,570,14.88,72.3,84416.28,65840919,10.1,54.7
Country D,2010,Developing,666,563,0.82,34.0,54260.88,36623799,1.1,47.5
Country C,2015,Developing,6,416,7.43,66.1,47084.68,53234086,14.7,62.6
Country B,2005,Developing,422,660,4.94,27.6,69912.12,13498706,10.2,59.5
Country D,2006,Developed,451,912,5.91,12.9,10364.34,51974335,3.5,70.7
Country B,2005,Developing,427,106,6.78,45.0,26575.38,40359051,13.6,56.1
Country C,2015,Developing,390,317,11.1,72.5,81685.43,23116454,13.9,56.3
Country A,2013,Developed,334,58,8.87,67.3,50432.68,82598450,4.3,72.8
Country C,2012,Developing,448,257,14.42,27.7,90808.94,74739201,15.9,61.3
Country A,2008,Developing,338,959,5.0,73.7,8915.94,44451302,9.1,58.8
Country A,2002,Developing,88,792,8.13,43.6,31375.61,11117313,3.6,59.1
Country D,2007,Developed,269,424,12.2,13.4,35587.21,9484484,13.2,74.6
Country A,2002,Developed,65,530,5.6,12.0,42300.9,40199698,11.9,80.9
Country A,2010,Developing,678,165,6.98,44.0,98682.66,63610472,3.4,46.9
Country A,2014,Developed,64,24,10.28,48.2,31100.74,68879088,17.4,81.1
Country B,2011,Developed,270,934,12.91,15.6,51892.31,51833090,17.1,79.7
Country D,2012,Developing,657,3,6.24,74.6,53630.33,29192238,16.7,57.2
Country D,2012,Developed,377,2,7.98,60.3,77091.25,24361820,8.0,74.5
Country A,2006,Developing,329,417,14.63,66.1,51811.01,74242397,16.5,58.0
Country B,2013,Developed,518,361,0.65,50.9,60593.45,67749098,16.9,72.1
Country A,2012,Developing,633,905,6.73,56.4,75345.14,71736740,19.9,56.6
Country D,2004,Developed,421,368,9.54,37.2,10158.14,22334057,19.2,76.1
Country D,2011,Developed,313,538,0.14,57.6,96349.04,9955683,7.7,70.0
Country D,2012,Developing,309,879,8.96,78.5,84638.1,49580849,4.0,57.0
Country D,2000,Developing,644,345,0.85,55.3,38907.82,6603320,5.8,53.8
Country B,2014,Developing,189,730,12.86,33.9,72855.34,66914021,9.9,58.8
Country C,2010,Developing,42,896,12.11,30.0,76244.39,72319366,16.1,67.6
Country C,2011,Developed,590,43,0.49,77.4,85032.13,97149992,14.5,73.0
Country B,2003,Developed,320,723,0.74,23.0,18872.27,38506849,15.8,76.0
Country A,2013,Developing,657,563,11.31,66.4,70385.09,7917177,7.6,49.2
Country D,2012,Developed,445,152,5.55,42.6,3382.39,76028525,4.9,68.9
Country D,2010,Developing,374,201,8.63,41.1,11602.13,80691277,0.5,54.2
Country D,2014,Developed,286,320,4.06,62.3,77617.89,60112848,12.5,73.0
Country B,2008,Developing,171,463,2.6,20.4,81309.65,86539281,15.9,66.6
Country B,2015,Developed,605,10,4.45,42.6,59264.02,27563862,17.8,71.4
Country D,2014,Developing,263,579,3.71,12.5,58189.51,771243,9.5,58.2
Country D,2007,Developed,535,226,6.73,56.9,74963.67,18483535,18.6,70.5
Country A,2002,Developed,142,632,11.2,14.1,90613.18,93601866,4.0,72.9
Country C,2014,Developing,148,332,8.32,16.1,42140.46,15759632,10.3,61.0
Country B,2001,Developed,440,468,9.14,69.1,11526.37,29854098,4.3,66.0
Country C,2010,Developed,628,14,7.06,41.0,83907.99,14590684,3.8,65.3
Country D,2008,Developing,593,56,4.88,24.1,34197.33,96584350,19.1,58.0
Country C,2000,Developing,416,329,2.16,51.5,13421.89,96100218,16.4,61.8
Country C,2008,Developing,25,63,5.32,46.3,61480.91,89758180,0.2,61.0
Country B,2011,Developing,627,229,9.98,38.8,57829.49,53429665,5.4,48.9
Country B,2006,Developed,94,10,11.01,73.4,47450.91,69691781,4.1,74.5
Country A,2011,Developing,305,632,7.04,62.5,85986.73,52393838,2.9,53.9
Country D,2001,Developing,185,223,9.68,20.6,27258.97,90881452,13.9,60.1
Country A,2010,Developing,283,736,3.17,50.0,1372.86,15404327,11.3,60.8
Country B,2004,Developed,155,636,12.9,16.2,32380.7,5941082,9.1,76.8
Country A,2013,Developed,686,659,12.99,27.1,1020.11,95854559,3.8,62.0
Country C,2001,Developed,685,739,4.81,73.7,54381.94,14206378,5.6,65.7
Country C,2014,Developed,666,541,8.22,42.3,37855.92,44425063,7.1,64.6
Country B,2004,Developing,14,505,9.1,72.4,81403.58,60495926,15.7,70.0
Country C,2015,Developed,640,521,7.09,21.6,79768.66,76801742,19.8,71.8
Country D,2006,Developed,341,53,13.67,24.4,43492.12,33455436,3.7,67.4
Country B,2004,Developing,604,697,11.1,34.7,21687.7,88308273,6.8,54.4
Country D,2001,Developing,473,718,10.09,35.6,42271.87,12052976,5.6,54.1
Country B,2010,Developed,108,766,7.81,62.2,64149.71,7885054,0.9,71.4
Country B,2013,Developing,331,156,1.28,52.0,19061.09,19631645,4.4,54.8
Country C,2004,Developed,540,640,1.63,48.7,77316.01,3410787,18.0,71.5
Country B,2011,Developed,439,569,4.49,52.2,33089.49,34613448,16.9,76.7
Country B,2011,Developed,666,404,3.18,61.3,93221.09,47847099,3.4,59.2
Country A,2009,Developing,384,398,14.29,72.5,51211.46,67183279,7.3,56.5
Country C,2013,Developing,582,706,6.15,39.0,84720.3,33121496,6.2,48.0
Country D,2005,Developed,160,928,13.15,66.2,61608.46,31228361,3.0,69.5
Country B,2014,Developed,432,933,12.27,44.7,55482.45,23997510,12.4,73.4
Country D,2004,Developing,396,402,12.19,60.5,68228.91,76761248,11.1,55.2
Country A,2001,Developed,615,899,3.24,71.2,81158.54,99973231,8.5,68.3
Country B,2005,Developing,488,587,6.72,12.3,64468.53,34339728,17.1,60.7
Country D,2005,Developing,189,88,4.78,48.3,79734.21,14101797,12.4,61.5
Country C,2011,Developing,418,865,14.56,79.3,19086.99,77336441,5.2,55.2
Country A,2001,Developing,343,592,13.15,44.7,27787.78,44381721,7.5,59.8
Country A,2012,Developed,361,185,3.76,70.5,23010.8,19093136,3.0,67.4
Country D,2015,Developing,109,837,4.71,23.0,79840.4,50015307,11.8,65.4
Country B,2012,Developing,301,779,7.94,52.3,8658.55,62967129,11.7,58.3
Country B,2003,Developing,368,894,4.19,70.9,79596.53,7998008,17.4,61.3
Country C,2015,Developed,255,78,12.37,40.2,38934.78,28436467,17.1,77.2
Country C,2006,Developed,316,144,12.29,44.1,7996.74,76621495,16.7,75.9
Country B,2015,Developed,71,640,10.87,15.7,42471.4,69729332,11.0,78.4
Country A,2015,Developed,269,13,10.34,13.0,30085.2,51041842,13.0,74.9
Country C,2000,Developed,501,630,8.21,42.8,59215.62,49571765,15.5,72.5
Country C,2000,Developing,209,1,5.21,69.0,47279.04,86264606,1.8,59.1
Country A,2013,Developed,478,515,12.56,75.2,29712.9,19908931,6.0,65.7
Country B,2010,Developed,176,755,12.88,56.1,86233.48,84461986,3.4,74.0
Country D,2011,Developing,239,65,0.75,67.8,40711.8,72205276,10.2,58.2
Country C,2010,Developed,610,245,5.99,61.4,47095.46,24913562,16.8,69.2
Country A,2005,Developed,442,601,0.41,59.1,84670.52,34047039,4.6,64.7
Country C,2006,Developing,601,429,12.59,63.8,8951.21,26821532,14.6,57.4
Country A,2011,Developed,492,689,2.66,45.4,39019.82,90033592,8.1,68.7
Country C,2004,Developed,99,571,10.11,42.1,40315.53,90616560,18.1,80.3
Country B,2014,Developing,329,231,5.37,21.1,49607.77,95905237,12.5,59.9
Country A,2011,Developed,326,435,12.24,69.1,10656.75,33671365,19.5,77.5
Country D,2009,Developed,445,352,7.65,13.1,10310.88,64248780,4.9,70.8
Country D,2007,Developing,666,687,4.87,28.7,41670.77,42084445,18.5,53.9
Country C,2010,Developed,295,678,4.86,46.4,3351.25,76338287,7.1,72.4
Country D,2003,Developed,442,382,4.91,78.0,25535.69,99773602,12.4,74.1
Country C,2015,Developed,31,709,11.83,65.0,20157.62,2778629,3.5,74.0
Country A,2002,Developed,131,59,10.67,35.8,48964.16,14753322,15.2,79.1
Country A,2006,Developed,527,925,4.8,60.0,1165.4,58167692,19.6,71.7
Country D,2013,Developing,438,469,7.36,75.2,67589.56,60863680,15.7,57.4
Country D,2003,Developed,326,410,1.15,47.7,85565.95,89128581,12.3,71.5
Country B,2000,Developing,267,82,12.41,42.3,70688.81,26154789,9.0,57.0
Country A,2010,Developed,286,73,4.0,48.7,81816.91,17909845,6.9,70.1
Country D,2007,Developed,291,310,13.34,31.8,64349.47,38597892,8.4,72.0
Country D,2004,Developing,368,453,8.96,73.5,50761.34,22429530,6.6,57.9
Country D,2012,Developing,486,25,8.52,65.8,21941.21,69244649,16.7,59.2
Country C,2007,Developing,555,425,2.45,59.4,27998.65,34562625,17.9,60.4
Country B,2007,Developed,168,376,1.05,51.2,31804.91,79674192,19.0,80.4
Country A,2011,Developed,471,242,8.29,77.9,3849.87,66494938,8.4,68.0
Country D,2004,Developing,170,834,7.03,30.8,91313.22,76721824,10.9,61.8
Country D,2007,Developed,346,627,1.8,29.8,90035.26,33259182,11.5,72.6
Country D,2006,Developed,78,322,12.54,26.9,10822.4,49755641,13.0,80.8
Country C,2012,Developed,85,179,6.26,61.9,55691.52,74784941,0.0,70.3
Country A,2002,Developed,661,773,3.91,65.8,46790.75,47509986,16.9,70.1
Country D,2014,Developed,201,625,11.83,51.8,68357.23,33393359,5.4,76.7
Country D,2003,Developing,589,265,13.7,55.6,60321.62,62491650,9.4,51.1
Country C,2010,Developed,361,549,4.6,34.4,12475.96,20442083,16.8,75.3
Country C,2011,Developing,565,379,11.64,12.8,66024.76,54364189,19.9,55.2
Country B,2012,Developed,302,76,9.79,27.8,60906.79,46618079,15.9,79.1
Country B,2006,Developed,293,613,14.85,50.9,53145.8,95476688,0.5,69.2
Country A,2003,Developed,294,523,3.07,66.9,40270.51,88597631,7.4,71.8
Country B,2005,Developed,109,813,14.41,64.4,95494.35,15931080,4.9,75.4
Country A,2011,Developing,365,48,4.74,22.6,84951.48,21067967,19.3,62.2
Country B,2001,Developed,600,253,6.19,13.6,58529.24,63127334,5.3,64.2
Country D,2011,Developed,678,858,5.39,69.5,687.46,40227211,18.9,68.1
Country B,2001,Developing,494,379,4.03,15.3,43240.72,29985091,18.8,59.8
Country D,2002,Developed,267,248,10.4,37.5,70048.96,77470011,16.8,78.1
Country A,2009,Developed,93,71,8.84,16.6,11773.56,12481316,2.0,73.4
Country B,2006,Developed,685,446,4.59,49.5,40684.63,99678009,0.0,60.7
Country B,2002,Developing,64,505,1.99,35.4,19212.94,9179463,15.9,68.8
Country B,2011,Developed,428,708,4.77,24.2,33847.39,58960520,16.9,75.5
Country D,2002,Developing,638,252,5.72,51.7,2715.59,46461489,19.2,54.2
Country D,2012,Developing,368,995,5.72,35.4,12716.9,8803184,4.4,57.4
Country B,2013,Developed,105,869,5.37,21.7,45502.95,93784414,14.7,81.6
Country A,2003,Developed,209,298,0.74,59.0,89824.08,57309696,10.4,77.2
Country D,2014,Developed,574,733,6.97,68.6,49083.63,58241908,6.6,65.2
Country C,2009,Developed,474,59,12.54,29.2,45335.09,55556374,12.1,73.3
Country A,2005,Developing,61,356,2.71,23.0,78767.56,14420321,11.0,64.6
Country A,2000,Developed,346,156,2.19,15.3,26819.62,28903788,5.8,68.7
Country A,2005,Developed,12,341,7.08,47.0,9552.12,13131014,5.4,78.0
Country D,2007,Developed,466,973,5.57,68.2,20996.78,22126921,9.7,72.4
Country B,2011,Developing,649,893,8.42,27.6,79140.52,82353040,9.5,52.9
Country B,2014,Developed,195,201,14.21,42.2,67720.94,66180698,6.0,70.5
Country C,2014,Developed,74,778,11.42,21.3,9198.74,43508629,5.3,77.0
Country B,2007,Developed,386,34,10.31,38.3,66725.96,35965144,19.1,76.1
Country C,2005,Developed,136,766,6.24,11.1,93158.57,22005074,17.2,77.1
Country C,2005,Developed,555,534,4.32,73.8,4543.25,99806781,16.3,73.3
Country B,2012,Developed,436,455,8.11,57.4,61660.99,44637292,4.3,69.8
Country C,2002,Developed,39,916,13.28,33.3,37947.5,73073395,3.8,76.1
Country A,2013,Developing,543,164,13.15,71.7,50128.09,26795260,16.2,55.2
Country A,2001,Developing,654,27,6.69,22.8,52841.47,10601026,3.7,51.6
Country A,2006,Developed,320,371,3.7,15.5,77116.06,99546744,10.1,74.7
Country D,2007,Developed,556,862,3.39,76.0,55723.4,44116303,4.4,67.3
Country C,2009,Developed,353,313,0.52,31.6,59328.91,72163967,7.6,73.6
Country C,2012,Developing,514,564,12.64,75.5,33324.54,13700836,17.1,60.7
Country A,2013,Developed,483,283,3.98,54.6,12638.23,953747,17.8,74.9
Country D,2005,Developed,416,297,5.39,78.6,68289.1,30695205,19.9,74.4
Country B,2004,Developing,370,474,12.14,62.7,98.19,62766650,18.9,60.7
Country A,2003,Developing,343,999,1.81,17.4,32905.28,50155825,13.4,58.8
Country D,2000,Developed,325,596,6.92,69.7,21843.49,67875619,8.6,75.2
Country B,2008,Developed,367,968,1.84,20.4,38883.92,82693199,1.2,68.7
Country D,2010,Developing,336,348,6.63,58.5,31161.24,7060358,12.2,58.0
Country B,2009,Developing,296,635,0.72,45.0,70436.5,80567765,4.2,55.8
Country C,2003,Developing,24,444,7.77,59.5,26057.59,20644186,17.0,70.7
Country C,2001,Developing,442,206,11.94,63.5,56097.0,67700075,11.0,57.9
Country D,2003,Developed,104,416,10.15,66.3,45604.25,76700368,14.7,82.4
Country D,2012,Developed,412,438,7.64,68.4,80115.7,27950790,13.5,71.3
Country B,2010,Developing,574,164,12.43,69.3,42837.84,60634992,6.9,51.6
Country D,2004,Developed,665,558,3.42,38.9,86394.41,67489857,15.2,68.0
Country D,2001,Developed,294,419,12.46,72.2,64.57,66587956,16.9,80.6
Country B,2006,Developing,243,370,4.15,60.4,60503.39,78243168,14.9,62.3
Country B,2002,Developing,342,667,5.44,68.7,1030.21,87200983,15.5,59.8
Country C,2013,Developing,633,265,1.94,79.2,71407.74,76267201,7.2,46.9
Country A,2015,Developed,173,278,1.54,18.1,23530.49,60294863,18.9,83.8
Country D,2014,Developed,416,987,13.98,35.9,38029.13,43032740,8.5,73.8
Country B,2007,Developed,103,481,2.86,66.5,38074.73,44709680,17.9,77.8
Country C,2003,Developing,160,516,5.01,16.0,84649.92,31052166,17.2,65.8
Country A,2011,Developed,257,81,7.94,47.9,10254.17,1024831,2.5,73.0
Country D,2010,Developing,557,118,5.22,70.1,66706.35,19347686,19.3,59.5
Country C,2004,Developed,576,773,13.05,11.3,98126.62,21678100,19.9,72.6
Country A,2002,Developing,196,636,13.51,75.8,2287.32,17610720,12.1,60.2
Country D,2012,Developed,391,937,4.9,78.5,96591.13,90420400,15.7,77.4
Country C,2010,Developed,70,302,1.39,32.6,1889.55,20832590,18.7,84.5
Country D,2004,Developing,693,214,3.16,63.7,84122.89,77636926,0.4,47.6
Country A,2008,Developing,247,27,7.12,18.9,96126.38,72167611,18.6,66.7
Country B,2010,Developed,329,780,4.33,64.1,99303.09,75449950,12.5,79.0
Country C,2015,Developed,158,497,6.81,43.7,45939.18,34309393,16.6,79.5
Country A,2015,Developing,698,536,11.38,70.2,86702.4,70099900,10.8,50.8
Country D,2012,Developed,585,518,6.32,24.9,12277.84,62161026,10.6,67.8
Country A,2013,Developed,55,193,2.96,57.1,42567.16,20424353,18.0,81.1
Country A,2001,Developing,486,591,5.38,65.0,30832.1,40999084,10.1,57.7
Country B,2006,Developing,243,441,11.15,24.2,39547.95,97483576,9.4,62.5
Country C,2014,Developed,353,833,6.37,67.3,70212.99,57952713,12.2,76.2
Country A,2014,Developing,410,35,3.75,77.1,8793.65,32124592,10.4,60.3
Country B,2009,Developed,15,257,6.42,53.1,99816.49,93922658,8.9,79.4
Country B,2007,Developed,147,112,6.83,64.9,63524.96,69529299,3.6,74.6
Country B,2002,Developing,490,293,4.45,47.3,87358.08,796329,7.9,55.5
Country D,2010,Developed,656,713,14.94,51.9,82978.07,31988224,5.6,63.8
Country B,2003,Developed,25,13,11.52,10.9,76611.45,33449706,8.0,76.4
Country B,2012,Developed,611,666,10.39,46.7,3970.39,63940654,11.9,69.0
Country B,2010,Developed,691,910,12.82,50.3,51670.88,29759491,12.2,66.3
Country B,2009,Developed,333,596,10.0,56.9,32848.43,29569392,4.8,75.1
Country C,2001,Developing,174,139,11.87,21.9,11338.26,56750578,1.7,54.4
Country C,2014,Developing,290,370,6.19,26.9,34331.87,75601220,14.9,61.5
Country B,2009,Developed,570,426,7.51,62.9,64498.06,46807133,10.6,69.5
Country A,2015,Developed,145,96,0.71,21.7,23101.11,44278115,8.8,74.8
Country D,2012,Developing,122,696,4.22,39.1,44487.31,96381111,2.6,57.9
Country A,2008,Developed,27,487,5.53,27.5,40479.2,42813838,8.3,78.7
Country A,2002,Developing,66,341,9.39,48.2,5293.67,34763844,16.4,64.6
Country B,2014,Developing,101,869,6.97,79.1,62826.85,70319220,11.6,64.6
Country A,2008,Developing,388,491,9.12,69.6,61903.75,71699786,1.8,56.3
Country C,2012,Developed,94,499,10.7,28.9,96643.13,14162418,6.6,75.7
Country C,2006,Developed,67,431,0.65,35.8,29835.62,27347722,19.6,85.0
Country D,2005,Developed,250,188,3.88,74.3,41924.16,51651286,10.9,78.9
Country C,2010,Developed,142,81,2.57,72.9,40393.58,76927727,5.7,77.0
Country C,2011,Developing,267,811,2.82,21.2,91978.4,27674668,18.3,62.4
Country B,2010,Developed,552,179,7.55,68.0,40894.5,68965933,6.7,64.2
Country C,2002,Developed,215,957,11.1,30.8,44304.28,6408864,14.6,77.4
Country A,2010,Developed,489,897,4.1,48.1,25271.84,97175386,2.9,66.8
Country A,2006,Developing,496,860,12.37,10.4,166.76,42127754,3.1,47.5
Country C,2014,Developed,480,966,13.39,79.9,11089.54,60717765,11.2,71.1
Country D,2010,Developing,643,414,5.26,63.3,70403.72,22977165,4.8,47.9
Country D,2013,Developed,490,104,10.22,26.9,68265.43,63722207,1.0,65.5
Country D,2002,Developed,1,380,1.76,57.9,32286.93,65395004,18.5,83.6
Country C,2012,Developed,9,721,11.16,30.5,47326.97,77767960,1.1,75.0
Country D,2010,Developed,380,328,2.48,16.3,29772.97,11853578,14.3,76.1
Country C,2005,Developed,144,248,10.31,39.8,73105.09,10555524,6.7,73.5
Country A,2007,Developing,302,71,6.33,53.0,84257.81,32862271,18.7,59.7
Country D,2004,Developed,650,672,13.93,16.3,89915.57,53602192,19.7,73.5
Country D,2010,Developing,417,132,6.97,46.3,17428.44,77110612,6.7,56.3
Country D,2010,Developed,179,239,0.47,46.0,69516.92,95597165,11.8,78.4
Country A,2012,Developed,278,77,7.22,54.0,96302.32,40619249,15.5,75.4
Country C,2002,Developing,144,569,11.93,27.1,65078.64,50785339,2.5,59.6
Country A,2005,Developed,339,460,9.71,11.4,35129.87,51327163,14.2,72.8
Country A,2014,Developing,459,124,14.5,32.7,63612.84,47354049,18.1,59.3
Country B,2007,Developing,331,10,12.65,37.9,68858.18,46702396,3.6,58.2
Country D,2009,Developed,270,467,7.9,54.5,39734.88,33560276,16.8,79.2
Country C,2002,Developed,187,406,3.11,75.1,10443.9,7064702,2.3,72.3
Country C,2011,Developed,666,940,0.07,24.2,60685.65,64595605,11.4,67.1
Country B,2012,Developed,172,26,14.71,58.1,80223.97,9278579,6.8,72.8
Country B,2013,Developed,404,206,14.08,16.8,99757.77,76309534,9.4,74.9
Country A,2010,Developing,468,221,4.12,23.3,22344.68,97341556,6.0,55.7
Country B,2010,Developing,247,311,9.58,45.6,70053.88,60183601,5.2,59.3
Country C,2004,Developed,523,381,10.94,59.6,2852.92,48861294,14.9,71.8
Country C,2008,Developed,559,761,8.67,70.1,96984.04,92188531,4.5,65.3
Country C,2013,Developing,111,314,12.65,62.1,1305.82,66207524,8.2,60.4
Country A,2013,Developing,303,207,1.18,11.1,35911.56,50599631,5.5,59.6
Country D,2009,Developing,473,620,13.45,57.9,7686.46,46701569,4.8,49.3
Country D,2014,Developed,292,295,5.89,67.7,62115.75,31138255,12.5,76.5
Country A,2014,Developed,252,401,7.22,46.8,33983.0,86502865,0.9,67.3
Country C,2009,Developing,588,434,6.68,77.6,73307.75,2917844,15.8,55.7
Country C,2002,Developing,175,572,7.97,10.3,48663.49,95779760,10.9,61.9
Country A,2012,Developed,109,121,8.98,67.3,41969.37,61628046,16.6,78.6
Country A,2011,Developing,340,750,10.66,33.4,34884.21,71387227,4.3,53.6
Country B,2010,Developed,14,105,7.88,55.5,8658.61,19144306,14.2,83.3
Country A,2001,Developing,693,790,10.27,58.5,20522.24,86657231,8.4,53.3
Country D,2010,Developed,322,35,5.08,31.4,63928.3,64916903,1.5,69.9
Country A,2012,Developing,43,549,14.05,79.7,49700.33,94817463,15.0,65.3
Country C,2013,Developing,461,71,0.98,17.2,7055.44,8169425,15.2,56.4
Country C,2007,Developing,102,567,8.19,21.0,54417.97,71501901,5.4,59.2
Country C,2013,Developing,625,166,1.32,72.5,5461.56,45798385,18.3,56.6
Country D,2013,Developed,9,220,6.65,18.3,51197.11,46674368,15.3,83.0
Country D,2013,Developing,149,75,3.87,36.7,96497.9,62556258,6.1,62.5
Country B,2006,Developed,338,721,14.05,61.3,30769.09,49727226,4.8,70.5
Country A,2011,Developing,224,210,0.21,65.4,72364.14,54083002,8.8,58.6
Country B,2008,Developing,110,227,5.87,76.8,74567.93,88720618,5.9,58.5
Country A,2014,Developed,354,736,11.73,65.3,40515.71,99024568,4.3,69.7
Country A,2003,Developing,84,452,2.84,69.1,59349.55,97336181,8.0,59.0
Country D,2015,Developing,555,765,12.24,76.5,47231.01,1643249,0.5,47.9
Country C,2002,Developed,66,486,12.9,48.8,28372.13,60954096,8.0,75.2
Country A,2009,Developing,388,667,10.62,34.0,75486.47,29975516,4.4,53.9
Country D,2015,Developing,621,473,3.14,63.3,70297.52,16713395,5.3,51.1
Country B,2004,Developing,614,874,4.09,21.4,90059.86,41912915,1.7,49.3
Country C,2010,Developed,135,660,2.51,14.8,61831.71,94176355,11.8,79.6
Country B,2015,Developing,86,829,2.77,65.0,38902.58,74402517,9.4,61.1
Country B,2000,Developed,84,790,0.56,76.5,71415.06,79760489,15.0,83.7
Country D,2004,Developed,227,916,12.86,41.0,61922.67,25616081,19.7,81.6
Country C,2012,Developed,260,970,7.93,21.3,61680.59,51838443,2.4,72.3
Country A,2012,Developed,20,489,4.92,44.8,84991.28,2144963,5.4,79.6
Country B,2002,Developing,35,375,4.35,37.5,91051.33,30031597,13.6,66.5
Country A,2000,Developing,443,230,8.17,36.1,18065.15,47421957,4.7,53.3
Country C,2002,Developed,270,911,4.91,54.0,31439.32,326531,0.6,72.6
Country D,2004,Developing,406,701,12.96,22.2,65048.05,39807780,2.2,51.3
Country D,2004,Developing,508,224,3.17,36.6,55744.26,15076404,8.7,53.8
Country D,2014,Developing,304,474,13.24,70.8,65250.0,626846,8.6,60.5
Country A,2009,Developing,670,576,9.96,61.1,43329.81,92605781,19.4,55.9
Country A,2011,Developing,285,619,14.35,13.9,41273.28,677131,9.3,57.8
Country C,2007,Developing,548,79,0.24,46.0,11809.51,69737393,13.6,54.0
Country A,2010,Developed,29,644,0.9,16.4,62383.64,1841841,9.8,79.8
Country D,2000,Developing,391,685,7.52,77.0,17619.78,71877764,5.4,54.0
Country B,2006,Developed,416,575,13.69,27.1,67118.61,60336203,2.1,68.7
Country B,2004,Developing,142,209,10.96,75.3,96708.87,46078561,17.2,69.0
Country B,2002,Developed,646,296,9.34,68.4,25678.46,48088957,3.1,65.8
Country D,2003,Developing,656,609,0.48,48.6,14258.12,99433250,1.9,43.2
Country A,2002,Developed,341,171,5.32,33.5,2466.32,4600945,4.3,71.8
Country B,2015,Developed,245,88,5.19,70.1,37913.78,97276522,0.0,71.7
Country A,2007,Developing,5,873,8.14,20.7,21500.38,96464354,1.4,60.0
Country A,2003,Developing,449,225,3.87,22.6,49211.35,27336495,12.7,59.9
Country D,2002,Developed,266,142,4.01,25.7,52454.39,20338654,4.9,72.7
Country A,2001,Developing,491,707,9.32,51.8,34965.31,92255147,6.8,49.7
Country A,2002,Developing,239,690,14.17,32.0,75003.13,61643062,16.7,63.9
Country D,2006,Developing,250,53,9.91,79.2,90485.43,51064645,15.5,62.2
Country C,2005,Developing,291,195,10.03,23.7,21191.73,70304625,9.8,57.8
Country B,2009,Developed,543,728,14.79,66.4,83637.96,13568496,12.3,71.0
Country B,2011,Developing,632,488,2.31,16.7,13162.23,36901764,1.7,49.5
Country A,2012,Developing,79,844,0.52,34.7,22908.78,94993209,15.2,67.4
Country C,2004,Developing,521,297,11.19,27.1,56163.5,88130171,10.3,56.1
Country D,2007,Developing,450,429,6.59,78.4,30692.82,2973352,11.4,54.4
Country A,2010,Developed,556,536,6.44,11.8,4218.99,92890126,13.3,68.4
Country D,2000,Developing,144,578,3.39,60.5,29522.47,51476775,10.0,62.7
Country B,2002,Developing,120,674,7.61,27.3,90491.78,44537094,10.4,65.0
Country D,2001,Developing,565,499,6.64,66.8,17463.61,45720406,10.0,54.4
Country B,2001,Developed,577,623,5.19,31.8,76386.9,24246191,9.9,64.2
Country D,2011,Developing,176,840,6.65,23.1,72242.09,87882166,15.0,65.1
Country D,2010,Developed,70,205,5.76,58.5,10667.17,9705314,8.5,74.7
Country C,2011,Developing,633,917,14.1,28.0,32977.82,10040957,0.1,48.8
Country D,2000,Developing,203,879,14.7,44.0,18976.16,4326611,12.2,60.9
Country A,2004,Developed,180,136,12.6,19.2,2363.86,90176723,19.1,81.6
Country C,2004,Developed,593,407,14.86,60.7,17345.42,11674401,5.1,69.9
Country A,2002,Developing,567,278,3.99,38.5,20197.72,88827824,16.3,56.1
Country D,2011,Developing,691,444,12.65,19.8,16639.73,9059804,9.1,49.2
Country D,2011,Developing,610,676,6.11,61.9,9155.17,87890000,12.9,53.4
Country C,2008,Developing,110,940,11.19,17.2,52654.2,22759606,17.8,63.7
Country B,2011,Developing,424,270,3.03,50.2,32297.77,45837094,15.4,57.2
Country C,2005,Developed,665,440,12.18,52.5,90829.52,30824228,17.7,72.7
Country B,2013,Developing,503,227,1.26,75.1,18761.99,85263387,0.2,46.1
Country B,2009,Developed,406,126,4.07,20.6,60306.12,58354771,3.7,67.5
Country D,2013,Developed,637,269,12.33,55.7,90067.01,97978376,8.5,67.0
Country A,2015,Developing,91,819,11.21,36.7,4766.61,88826877,17.0,65.9
Country C,2005,Developing,294,759,7.52,38.1,51651.93,89924890,16.8,65.2
Country C,2009,Developed,393,851,10.1,45.1,45094.35,36484082,3.7,68.7
Country D,2005,Developed,37,486,2.79,26.4,92881.42,6119841,2.8,75.0
Country D,2013,Developing,517,547,10.02,42.3,66393.29,55588013,16.7,58.3
Country C,2001,Developed,662,154,0.13,58.1,34948.68,3215864,10.8,67.7
Country C,2010,Developed,316,656,12.5,42.0,71166.55,34818965,12.5,74.9
Country A,2014,Developed,172,985,7.75,13.0,58286.27,42514592,16.2,79.5
Country D,2009,Developing,406,936,14.16,28.0,34749.63,75963756,4.2,50.1
Country A,2009,Developing,262,771,7.18,34.6,78535.61,32552462,2.7,53.8
Country D,2007,Developed,484,898,6.5,34.8,66833.57,24222113,17.2,75.1
Country D,2005,Developed,27,18,6.76,15.7,591.36,76189143,2.2,77.6
Country A,2012,Developing,495,424,5.4,41.5,86520.2,14534112,1.8,53.6
Country B,2014,Developing,55,935,2.51,58.4,39739.33,13493360,5.5,58.8
Country B,2013,Developed,249,57,12.63,13.4,64562.49,80697284,6.3,71.5
Country B,2002,Developing,273,422,5.84,62.6,39706.99,85108990,4.8,59.9
Country D,2009,Developing,259,774,7.94,76.9,88142.14,61395862,14.8,61.5
Country A,2008,Developing,191,547,0.31,10.7,65101.0,85236875,19.5,67.2
Country B,2001,Developing,575,722,0.91,23.6,57959.65,78025222,4.0,57.2
Country C,2006,Developing,446,843,8.96,48.0,98027.46,15570942,15.6,61.0
Country B,2002,Developed,502,659,13.19,25.3,28100.02,60298926,0.9,65.0
Country A,2014,Developed,616,101,7.41,63.5,6572.17,76465634,2.4,63.6
Country D,2011,Developing,393,75,2.48,31.8,51625.24,85227157,10.3,58.3
Country A,2014,Developing,408,924,1.75,30.6,42430.58,58569249,20.0,58.0
Country D,2005,Developing,673,989,13.5,10.1,45456.29,91280267,19.0,56.9
Country A,2004,Developing,683,979,10.53,28.9,62029.48,33875627,2.2,46.9
Country A,2012,Developed,109,579,14.49,25.2,61531.41,43674880,4.8,75.1
Country C,2005,Developed,652,65,1.24,34.0,39256.82,4009902,18.9,71.6
Country B,2007,Developing,605,814,13.54,20.3,86294.56,46235830,3.0,52.5
Country B,2013,Developing,103,733,12.69,51.6,65163.28,35261075,14.9,65.9
Country A,2002,Developing,226,150,13.4,26.7,88996.67,77276437,0.0,55.9
Country B,2015,Developing,353,901,0.1,68.2,91319.73,14077300,12.6,60.7
Country C,2001,Developing,160,785,11.13,29.9,16772.84,90907941,9.9,61.9
Country A,2007,Developed,404,436,8.24,24.8,68072.16,59529978,9.4,72.9
Country B,2000,Developed,324,789,8.6,14.0,31785.31,55922547,16.6,76.6
Country B,2001,Developing,145,996,7.04,61.8,83651.08,6836055,1.6,60.2
Country D,2009,Developing,465,67,11.14,45.6,73298.52,87738177,7.5,57.0
Country B,2000,Developed,132,234,15.0,18.0,19914.83,26787863,8.9,78.2
Country B,2015,Developed,93,714,10.66,25.5,93876.14,4984456,2.5,69.8
Country D,2004,Developed,273,744,10.17,79.9,68363.73,56397750,1.7,70.7
Country A,2007,Developing,534,674,9.82,66.4,94865.88,68626060,3.6,47.3
Country A,2001,Developed,194,970,10.43,34.5,20231.02,96026989,4.8,74.3
Country C,2003,Developing,170,97,5.14,48.0,86977.02,902498,19.3,69.5
Country D,2003,Developing,460,8,4.81,39.1,66823.88,4023488,9.5,57.8
Country A,2010,Developed,11,926,11.77,12.5,55251.05,12005980,10.2,79.3
Country B,2010,Developing,181,503,0.81,64.5,82060.26,85744530,14.1,63.1
Country B,2006,Developed,232,760,11.39,60.2,63304.75,24802,13.7,73.5
Country B,2000,Developing,29,489,12.21,38.6,66976.54,55588249,10.1,64.5
Country C,2008,Developed,532,991,7.83,69.2,25404.37,28776155,6.8,67.4
Country A,2002,Developed,5,426,13.65,47.4,81714.52,98210526,6.6,75.7
Country D,2005,Developed,546,226,7.1,14.6,65047.76,59666992,1.2,62.7
Country A,2009,Developed,140,752,2.68,28.2,84446.7,89549258,18.0,78.8
Country D,2013,Developing,28,586,5.43,42.3,35185.12,8887978,15.4,71.4
Country D,2004,Developed,98,16,13.59,17.2,33204.43,60909810,12.5,79.5
Country A,2003,Developed,262,562,14.91,50.0,2439.1,14158715,7.9,75.2
Country B,2008,Developed,19,227,6.33,18.4,76872.1,81647166,11.6,82.3
Country B,2010,Developed,12,705,2.51,24.0,33064.92,76841181,9.7,82.8
Country D,2011,Developing,537,791,4.3,72.6,32754.87,89874565,5.5,55.2
Country B,2013,Developed,525,237,8.3,80.0,68884.02,35333331,6.0,69.4
Country C,2008,Developing,465,380,8.59,48.5,25324.25,42183391,17.5,56.4
Country C,2000,Developing,588,782,9.45,53.4,90906.6,9671755,12.7,56.5
Country D,2006,Developing,259,923,12.53,65.8,53829.7,40308426,0.0,54.0
Country B,2009,Developed,24,386,10.67,58.7,96949.25,80493662,6.5,75.2
Country D,2008,Developing,8,668,3.92,22.8,7713.05,69077321,6.8,62.5
Country C,2004,Developed,228,253,5.93,38.8,33715.7,92835499,14.1,77.8
Country C,2015,Developed,376,307,12.6,47.5,38177.96,57166859,14.0,69.3
Country C,2000,Developed,123,821,9.5,35.2,73055.55,37893095,9.3,78.0
Country A,2007,Developing,90,313,2.5,22.3,21335.58,35102098,19.0,70.0
Country C,2004,Developed,456,300,4.89,61.5,37565.82,21992940,17.4,74.8
Country B,2005,Developing,224,117,11.87,23.9,91068.72,78961603,17.3,62.0
Country A,2006,Developing,257,844,2.59,28.2,11499.36,72838772,7.0,59.6
Country C,2009,Developing,515,49,10.37,30.1,74545.13,49201867,8.6,53.9
Country B,2006,Developing,148,789,8.46,21.3,70263.39,50631664,8.4,64.7
Country C,2012,Developed,387,563,2.22,69.5,13093.98,79626574,8.8,67.1
Country B,2013,Developed,699,180,10.34,52.7,68864.64,22008261,17.8,64.8
Country B,2011,Developed,438,542,2.14,68.4,56999.89,67359776,5.0,68.5
Country C,2006,Developed,636,326,5.98,44.6,28787.86,30523812,16.0,69.4
Country C,2014,Developed,37,502,4.64,46.4,31148.56,22705588,10.3,79.9
Country A,2000,Developing,661,495,10.35,53.1,83307.58,61436569,5.0,50.1
Country C,2006,Developing,106,943,11.74,36.0,23139.95,36228665,10.5,66.2
Country B,2010,Developing,615,245,2.53,44.8,51302.41,36968329,3.9,49.2
Country D,2002,Developed,232,601,12.18,48.3,68130.92,31728188,2.2,72.4
Country A,2004,Developing,146,542,0.12,76.7,13033.67,82512936,16.8,62.8
Country B,2009,Developed,17,101,7.96,71.8,93238.77,8196500,14.0,86.6
Country B,2004,Developing,159,229,7.76,19.0,26100.4,37058366,4.1,61.1
Country D,2007,Developing,282,387,9.36,12.9,31917.55,58694475,18.8,65.5
Country C,2006,Developing,278,930,3.6,57.6,66628.27,63611312,0.5,53.1
Country B,2006,Developed,125,608,0.16,13.4,7865.26,70973153,6.7,78.6
Country D,2005,Developed,685,578,6.83,14.2,62779.89,15673305,0.4,63.5
Country D,2006,Developed,420,703,1.08,21.1,91607.19,91507269,2.8,69.3
Country C,2013,Developed,320,210,13.38,34.6,24946.6,49557527,3.6,70.2
Country D,2006,Developing,675,648,2.61,40.4,36222.68,96216889,16.2,52.5
Country D,2014,Developed,482,429,6.38,46.4,23271.78,59433129,19.9,75.2
Country D,2004,Developed,667,338,6.52,79.5,81885.94,65346652,17.3,68.7
Country D,2004,Developing,324,183,8.3,37.0,16802.4,38100966,12.7,60.6
Country D,2003,Developing,395,55,11.74,27.0,34695.49,64580575,14.5,57.1
Country D,2013,Developing,186,978,7.09,50.3,60122.13,54145163,10.5,60.1
Country B,2003,Developed,466,761,0.4,25.1,40485.22,72844742,8.5,65.8
Country A,2004,Developing,57,281,11.57,75.8,6593.66,41584902,13.8,66.8
Country C,2009,Developing,458,571,1.24,28.1,94774.68,56440319,19.5,61.5
Country A,2008,Developed,208,127,9.63,79.3,33823.15,96370133,0.6,70.1
Country C,2013,Developing,74,716,12.05,39.3,44592.84,51510652,6.3,56.8
Country A,2010,Developed,484,725,4.25,66.9,16796.16,8866887,6.6,65.2
Country C,2011,Developed,85,638,6.74,55.4,86541.76,47512805,8.3,77.7
Country D,2015,Developed,632,507,0.22,75.3,29178.31,10716549,12.5,70.6
Country A,2005,Developing,14,583,12.06,53.8,2031.31,35449440,10.3,62.9
Country A,2007,Developing,641,215,10.55,50.7,31674.44,37539367,0.4,49.8
Country C,2008,Developing,49,89,3.48,55.7,98406.77,72633562,8.2,66.5
Country C,2011,Developed,426,943,5.86,65.1,14726.95,55756390,12.4,73.6
Country B,2013,Developing,359,313,10.43,72.9,3168.69,52408668,10.1,60.0
Country D,2003,Developed,242,232,5.38,28.7,57838.65,18627598,17.4,76.6
Country D,2011,Developing,53,744,2.44,24.1,37198.07,28932968,8.0,59.4
Country B,2012,Developed,69,574,7.78,12.4,79507.78,29488529,0.3,77.5
Country C,2006,Developed,552,887,10.86,35.9,73202.18,71151668,5.7,64.8
Country D,2004,Developed,696,246,4.82,69.2,18582.63,29507517,2.7,64.7
Country C,2003,Developed,645,441,1.84,14.9,56485.0,61634021,5.0,65.4
Country D,2011,Developed,56,898,12.44,47.7,3291.98,86913516,7.2,81.0
Country A,2006,Developed,456,134,3.8,58.6,43975.85,12899050,13.5,74.2
Country A,2002,Developed,255,947,7.7,68.6,71419.62,71034148,6.5,70.8
Country D,2000,Developed,5,881,10.37,50.8,41525.13,64508826,17.7,83.1
Country D,2006,Developed,581,957,4.76,23.0,11839.52,41876875,6.0,67.8
Country D,2008,Developed,52,1,9.73,77.5,6200.28,92000086,2.7,74.2
Country B,2001,Developed,329,160,6.9,16.6,85373.26,92954324,3.4,72.2
Country D,2015,Developed,98,139,8.56,63.8,89138.13,58269746,18.7,82.6
Country B,2006,Developing,161,303,8.86,16.1,34342.09,57273281,9.1,63.5
Country B,2009,Developing,406,459,12.36,20.0,16459.02,60125033,8.1,58.2
Country A,2001,Developed,577,820,9.85,72.9,97862.69,51120132,1.4,64.8
Country D,2012,Developing,327,713,3.97,62.7,54609.09,68698128,14.7,60.5
Country A,2012,Developed,243,124,0.9,35.6,47691.67,92861956,13.9,76.0
Country A,2002,Developing,504,936,0.04,54.7,74173.69,39408083,7.5,51.4
Country B,2012,Developed,367,884,13.57,42.0,16928.49,61368395,13.8,78.0
Country C,2009,Developing,442,346,14.13,14.7,58019.97,42764583,7.3,55.0
Country B,2013,Developed,154,593,1.42,60.5,89021.73,63391265,1.5,72.2
Country A,2011,Developing,234,953,7.31,63.4,2355.7,8511986,14.8,62.3
Country B,2009,Developed,652,323,2.28,71.8,67310.32,46220142,19.3,71.5
Country B,2002,Developing,333,999,14.23,47.8,55164.82,50795316,13.0,58.9
Country B,2011,Developing,495,406,3.71,57.1,95082.54,41790628,5.5,51.7
Country D,2012,Developing,115,468,7.53,40.7,25906.92,15383621,5.4,57.7
Country B,2003,Developed,369,163,2.49,32.3,85896.22,73634621,18.6,77.0
Country A,2005,Developing,333,861,5.0,38.8,30933.12,82104476,6.1,59.0
Country B,2002,Developing,130,239,4.01,73.8,43014.86,37286184,15.4,63.7
Country D,2012,Developed,178,212,7.14,21.5,21368.09,14442862,12.9,79.0
Country A,2008,Developed,95,982,6.3,27.4,86365.92,38736168,11.9,80.2
Country B,2001,Developing,317,148,4.97,52.4,19581.2,31084065,3.6,56.3
Country A,2006,Developed,101,583,1.6,18.1,85908.35,94925824,0.7,77.1
Country D,2005,Developing,196,102,7.27,72.4,45588.56,36723479,9.8,62.2
Country C,2013,Developing,208,182,12.75,13.3,83516.8,83137771,19.8,65.9
Country D,2014,Developed,607,504,10.96,62.9,26485.63,58117061,3.9,65.5
Country D,2001,Developing,473,695,10.81,36.2,13316.38,42355567,10.7,57.6
Country A,2010,Developing,615,524,5.5,13.6,55518.38,63860184,13.4,57.9
Country A,2002,Developed,8,379,10.63,69.0,50968.23,82548924,9.7,79.2
Country C,2005,Developed,136,743,6.99,54.8,35692.91,23642,10.1,77.7
Country C,2009,Developing,610,661,2.26,10.6,66299.0,92083627,13.2,60.5
Country C,2003,Developing,261,774,6.29,28.7,9559.53,74348195,16.3,62.8
Country D,2000,Developing,147,23,2.0,34.6,62219.01,37330667,6.7,60.2
Country D,2000,Developed,458,700,1.73,32.6,21215.02,50418287,18.0,73.2
Country C,2002,Developing,697,132,0.36,44.9,12939.01,75219409,9.7,51.1
Country C,2007,Developing,438,49,4.25,46.9,90965.34,52113985,13.2,57.7
Country C,2010,Developing,413,957,4.97,37.8,46006.59,52767223,2.1,53.6
Country B,2003,Developed,500,694,10.49,33.2,76353.52,71469690,9.8,70.4
Country B,2010,Developing,232,25,8.07,45.3,8957.24,80954728,0.3,51.6
Country C,2000,Developing,101,649,12.88,12.4,5793.61,49501772,7.8,59.3
Country D,2007,Developed,147,10,2.66,55.2,49510.48,18987401,1.1,72.3
Country A,2009,Developed,507,807,4.0,52.4,31589.34,98799556,17.9,73.0
Country D,2005,Developing,558,101,14.12,29.5,540.48,51850434,13.5,53.5
Country A,2000,Developed,104,10,6.67,22.6,18370.3,3145766,15.8,77.1
Country C,2011,Developing,336,111,11.84,15.1,21916.61,73143621,9.4,61.2
Country B,2009,Developing,446,605,7.39,51.1,28886.21,39535981,17.0,62.8
Country B,2009,Developed,444,771,7.07,49.8,87759.68,70893323,17.5,76.4
Country A,2005,Developing,118,769,2.23,47.3,42089.22,73825632,7.1,60.0
Country C,2000,Developing,517,972,12.77,79.0,67959.27,71945257,7.5,56.3
Country B,2014,Developing,567,166,1.18,47.2,1888.69,91097182,10.2,52.3
Country C,2009,Developing,531,720,4.66,60.5,81401.87,40683217,0.8,50.7
Country C,2009,Developing,88,406,10.11,17.9,24070.88,38099951,19.9,66.6
Country A,2002,Developed,629,44,7.61,30.9,30938.48,46594762,7.2,66.1
Country C,2001,Developing,476,841,13.22,29.3,4573.38,44626946,9.4,56.2
Country C,2003,Developing,682,716,0.6,50.3,40998.81,40326409,15.1,50.9
Country A,2001,Developed,485,937,9.74,33.2,85265.05,50467843,6.0,67.5
Country B,2010,Developed,662,358,7.17,54.9,37904.49,8851590,4.0,64.3
Country D,2012,Developed,295,553,2.32,58.3,90865.1,42184824,2.5,67.8
Country C,2004,Developed,381,284,11.15,12.4,86751.39,70274490,10.6,70.8
Country A,2003,Developed,283,399,6.18,54.8,6243.0,14535377,0.1,69.9
Country B,2005,Developed,686,450,7.98,18.2,30561.93,2532435,14.2,67.3
Country C,2013,Developed,639,611,14.51,42.6,91046.21,83146594,9.2,64.4
Country D,2014,Developed,156,443,7.3,60.9,3029.4,25546142,10.6,77.2
Country B,2006,Developing,180,387,12.35,59.2,76592.54,15017712,5.3,59.9
Country A,2011,Developing,87,355,11.55,31.0,90647.48,47118277,3.6,64.5
Country C,2015,Developed,406,783,9.94,29.1,77060.62,49423136,14.0,74.0
Country A,2001,Developing,496,424,13.45,40.8,74394.24,38067053,4.2,52.2
Country D,2001,Developing,267,5,3.78,23.2,84343.41,65547125,15.6,61.9
Country D,2007,Developing,594,553,12.31,78.2,66595.67,95050630,4.1,52.5
Country A,2012,Developing,64,895,5.67,34.1,42338.46,11085213,12.3,65.5
Country C,2012,Developing,119,440,12.19,74.6,6322.42,85207026,12.9,65.7
Country A,2008,Developed,341,923,7.41,73.6,78807.35,24528684,10.1,73.7
Country B,2004,Developed,313,355,12.87,35.5,90530.1,74192454,19.9,80.5
Country A,2015,Developing,163,918,13.42,27.8,51183.07,98865230,7.5,61.2
Country D,2006,Developed,505,764,8.97,64.0,53274.42,66707917,17.7,70.9
Country C,2012,Developing,293,587,7.62,26.1,40358.53,58383445,3.4,55.3
Country C,2011,Developing,690,553,11.75,46.5,85695.42,18092811,6.7,49.0
Country D,2008,Developing,377,862,4.01,17.7,1529.59,74360426,2.9,54.8
Country D,2013,Developed,542,267,0.24,37.0,62473.63,23799462,12.1,70.5
Country B,2000,Developing,401,891,6.11,15.5,90745.94,39781138,12.8,61.0
Country D,2007,Developing,673,991,7.62,29.8,10367.07,8257604,9.1,51.9
Country D,2009,Developing,400,216,4.47,56.6,95918.5,97980168,14.4,60.1
Country D,2009,Developed,399,63,5.76,79.4,96769.43,55198389,17.4,73.7
Country C,2008,Developing,487,441,2.0,27.8,92982.41,38661965,15.5,58.3
Country D,2008,Developed,515,690,4.17,43.1,46281.48,38346622,4.8,66.7
Country A,2009,Developing,24,540,3.61,41.4,38327.85,17279650,6.4,58.6
Country A,2006,Developing,59,274,4.52,22.9,70609.48,62842680,7.6,60.0
Country C,2015,Developing,240,469,4.49,52.7,31903.09,31808664,4.1,58.7
Country B,2011,Developed,311,215,8.39,60.7,6881.0,3213726,7.2,73.7
Country B,2011,Developing,321,864,3.77,20.3,90147.15,39246642,4.8,54.8
Country C,2011,Developing,672,995,14.12,63.0,63503.86,70426243,19.9,55.4
Country A,2011,Developing,481,812,7.67,59.0,20755.09,10384093,15.7,56.0
Country C,2009,Developing,572,999,1.94,23.8,1889.94,8991406,17.2,59.1
Country D,2015,Developing,414,565,4.2,55.4,72365.42,53315046,18.4,59.3
Country C,2014,Developing,322,877,10.95,37.6,85287.35,16026708,13.3,59.1
Country B,2002,Developed,402,591,0.21,57.7,40594.48,30281551,3.5,70.7
Country A,2012,Developing,59,193,14.07,44.7,8135.78,24860719,15.2,68.4
Country B,2012,Developed,53,711,6.68,13.4,64879.69,72687056,0.3,73.7
Country B,2004,Developing,64,12,7.82,65.1,29728.06,5056196,2.3,59.9
Country A,2012,Developed,633,221,14.83,48.9,14437.48,85916928,0.6,63.6
Country D,2001,Developing,119,704,7.56,60.7,51064.14,61386606,2.7,58.2
Country A,2010,Developed,286,395,14.22,18.8,48210.28,10204000,15.0,76.6
Country A,2009,Developing,18,880,13.73,60.5,51701.2,85756093,17.7,68.1
Country C,2002,Developed,5,838,14.12,39.0,82402.04,43909682,5.6,79.1
Country A,2009,Developing,392,751,12.19,65.9,48480.36,3681673,2.4,56.2
Country C,2006,Developed,160,269,4.45,51.9,90059.03,11553730,5.5,76.8
Country B,2000,Developing,142,297,5.2,34.8,84188.97,93134553,12.9,65.6
Country A,2002,Developing,397,610,5.48,24.1,65129.04,90741221,7.0,53.4
Country D,2004,Developing,18,731,14.69,67.1,5732.34,50189949,19.2,71.8
Country C,2010,Developed,580,843,5.42,49.2,86501.19,49832234,2.6,63.3
Country C,2013,Developed,114,615,1.64,79.1,90561.92,11696281,19.8,79.1
Country D,2003,Developed,534,431,11.68,36.1,37535.96,56577687,0.2,62.7
Country C,2002,Developing,532,888,5.5,58.0,52638.87,46162014,9.0,53.7
Country C,2005,Developed,461,407,9.32,53.6,28138.02,76689071,5.0,64.2
Country D,2011,Developing,610,64,13.87,54.6,1520.9,10681901,11.3,54.9
Country B,2005,Developing,617,656,8.64,61.6,47971.13,711712,1.9,50.3
Country A,2003,Developing,286,37,9.57,19.7,12979.43,54149504,17.5,62.3
Country A,2008,Developing,5,27,9.65,48.5,18373.3,20645417,2.7,58.9
Country A,2010,Developing,129,288,9.19,45.6,48097.05,99509111,11.7,65.1
Country A,2005,Developing,671,919,2.4,34.0,86710.48,5847073,0.7,45.1
Country A,2014,Developing,499,878,6.85,40.5,84471.04,94127898,6.2,49.9
Country A,2008,Developed,276,236,0.12,46.3,96508.59,41951228,3.0,70.9
Country C,2012,Developed,83,125,9.4,32.5,48293.93,68998198,19.6,83.2
Country A,2010,Developing,118,383,8.63,30.5,55223.29,51002143,0.2,58.4
Country C,2009,Developing,29,325,4.78,61.7,82220.52,34735638,7.0,64.5
Country D,2009,Developed,358,84,7.86,14.7,69982.36,98226013,6.1,72.7
Country B,2001,Developing,650,748,7.4,31.9,18323.07,10730130,13.1,51.0
Country C,2014,Developed,157,245,3.77,55.8,39847.57,75524667,1.1,68.3
Country B,2005,Developing,31,387,4.41,24.6,92919.47,49250550,16.2,68.4
Country D,2013,Developing,286,928,11.44,50.1,14655.41,64511639,9.3,59.0
Country A,2003,Developed,665,886,11.34,31.2,20975.17,60824357,9.1,65.3
Country B,2001,Developed,336,265,7.05,69.0,40095.97,69387309,4.5,70.2
Country B,2004,Developing,570,760,10.77,34.5,93990.42,22281578,9.8,51.8
Country D,2013,Developing,313,803,6.77,26.1,11426.12,19253389,7.3,60.8
Country D,2014,Developed,599,204,12.77,47.1,67310.59,64556862,4.9,61.4
Country D,2002,Developed,123,227,5.0,19.5,13255.65,90126762,3.4,75.1
Country C,2005,Developed,371,239,13.91,65.8,52473.88,18502876,14.6,72.3
Country C,2010,Developing,314,72,8.14,57.6,53679.52,43200532,2.8,53.8
Country B,2014,Developed,28,670,8.04,63.9,4310.48,78191343,3.4,75.3
Country D,2013,Developing,155,387,10.07,37.9,95414.07,1679718,11.5,60.7
Country B,2007,Developed,230,377,5.12,68.5,80671.93,10770985,4.5,72.2
Country A,2003,Developed,549,211,10.87,44.5,30320.28,48206638,9.2,63.4
Country D,2011,Developed,6,647,4.81,16.6,13105.9,10616568,11.1,77.4
Country C,2003,Developed,473,794,5.97,25.7,34595.39,16081966,5.5,64.6
Country D,2004,Developing,318,675,10.12,59.8,89432.94,21846856,6.9,54.6
Country B,2005,Developing,225,648,5.68,72.7,13311.73,99541515,4.2,56.0
Country C,2010,Developed,33,170,3.01,16.7,34964.24,70871254,9.2,78.9
Country A,2006,Developing,89,151,13.08,70.5,49455.73,45015595,19.8,66.8
Country A,2005,Developing,334,676,13.83,65.9,3336.79,44802812,7.3,55.2
Country B,2006,Developing,40,808,9.4,35.0,26839.97,20346553,13.1,64.7
Country D,2008,Developed,681,103,12.17,58.2,59583.61,99330371,12.7,66.3
Country A,2003,Developed,375,221,14.8,23.1,32430.26,53657682,15.7,74.6
Country B,2009,Developing,298,281,9.23,66.9,87059.02,55004003,14.2,60.5
Country C,2014,Developed,393,387,13.63,56.0,93679.7,60259831,0.2,65.7
Country C,2000,Developed,18,371,5.4,40.7,44182.21,53338838,6.2,74.6
Country B,2014,Developed,527,128,10.51,70.5,53225.45,73300349,17.4,73.1
Country D,2008,Developed,132,403,0.85,19.7,63099.29,66730861,10.8,79.4
Country D,2006,Developing,290,219,11.84,69.2,66470.27,56752031,2.1,53.1
Country D,2003,Developing,209,172,12.45,11.7,6372.63,28185831,5.5,58.4
Country D,2009,Developed,327,471,6.02,62.7,5415.26,57450772,5.7,70.4
Country B,2007,Developing,503,859,9.59,50.1,86565.49,60307361,17.5,59.9
Country B,2011,Developing,279,987,12.88,58.8,22026.21,64839555,11.1,58.2
Country C,2006,Developing,382,452,13.26,38.9,58431.35,52680824,12.2,58.0
Country C,2011,Developing,309,607,1.61,70.5,62485.95,52583051,7.3,57.2
Country D,2001,Developing,277,501,12.41,31.9,16488.2,47016435,1.2,55.6
Country A,2000,Developed,76,51,4.12,29.2,76171.58,60341785,1.5,72.0
Country A,2008,Developing,298,93,10.91,31.1,86601.26,89658703,8.4,58.8
Country C,2006,Developing,378,575,4.88,64.2,28573.5,55636427,3.5,53.1
Country C,2013,Developed,433,20,0.85,44.7,87790.13,83904677,2.1,68.4
Country B,2009,Developed,112,105,3.16,47.6,8149.67,58514703,5.2,74.6
Country C,2000,Developed,72,847,6.14,68.2,80056.37,99068996,14.8,83.5
Country C,2012,Developing,317,199,11.12,68.3,64029.11,62699625,1.5,51.2
Country D,2003,Developing,21,843,1.52,21.3,58331.92,27768267,9.0,65.2
Country A,2014,Developed,188,351,12.2,48.5,23051.77,22581075,16.5,80.1
Country A,2004,Developing,121,280,14.95,18.8,36216.09,87574912,5.4,61.2
Country B,2004,Developed,342,962,11.83,70.8,91034.92,95225148,6.0,73.3
Country A,2013,Developed,653,281,7.11,68.6,46600.82,14999741,17.7,67.2
Country D,2013,Developing,304,611,8.53,69.5,59458.29,93433137,13.0,64.8
Country D,2013,Developed,447,848,0.1,59.3,93588.36,88095590,16.0,75.1
Country B,2004,Developing,496,538,3.15,42.7,46675.52,74320022,5.8,56.8
Country C,2010,Developed,521,244,13.49,38.3,38857.51,31364272,19.9,78.3
Country C,2015,Developed,185,947,0.34,37.7,89325.55,48677456,2.8,73.6
Country D,2002,Developed,332,574,13.57,14.6,91093.25,30750414,19.2,78.5
Country B,2004,Developing,576,853,1.71,76.4,35496.09,41804770,18.0,59.0
Country D,2003,Developed,350,885,2.0,41.5,59219.37,73290825,11.0,68.9
Country A,2014,Developed,320,428,2.64,75.1,96374.59,3850318,11.7,74.3
Country A,2004,Developed,537,953,11.99,71.5,5594.3,7240208,15.5,73.9
Country D,2006,Developing,412,37,7.18,68.0,4028.25,9167769,6.1,57.9
Country C,2004,Developing,156,418,2.19,51.2,51682.22,73351294,10.5,61.5
Country A,2013,Developing,651,301,10.31,17.1,29159.45,44308270,18.0,56.7
Country B,2014,Developing,533,638,14.11,32.7,58205.9,77227335,1.4,51.2
Country C,2013,Developing,502,70,8.59,52.3,72443.32,78503354,18.1,58.8
Country A,2013,Developed,486,898,1.49,10.9,6953.98,28076285,14.6,70.7
Country D,2007,Developed,154,645,0.83,13.0,88242.63,45298207,15.4,78.3
Country C,2007,Developed,68,764,11.94,57.4,27724.86,80168367,1.3,72.2
Country C,2002,Developed,492,524,9.39,72.2,38165.68,72882885,3.8,64.0
Country A,2004,Developing,41,173,13.84,69.9,33736.82,20768877,18.5,68.1
Country B,2011,Developed,527,974,8.21,21.8,83991.49,9962729,2.5,70.1
Country A,2003,Developing,169,89,0.95,73.8,17106.69,51604517,12.6,63.4
Country A,2013,Developing,646,367,6.06,58.7,2915.89,62244297,15.7,54.4
Country A,2013,Developing,112,800,9.87,60.1,97181.57,33782212,4.6,60.8
Country A,2004,Developed,463,206,5.78,31.3,98064.22,53901263,14.0,71.1
Country A,2007,Developing,52,61,14.99,60.1,25806.4,31331938,1.3,56.3
Country D,2003,Developed,649,318,6.09,59.7,984.8,98054161,10.0,65.6
Country A,2004,Developing,255,823,8.2,51.6,64609.41,21922140,6.7,56.0
Country B,2015,Developed,627,550,3.39,35.0,64863.91,81500434,12.9,65.2
Country C,2006,Developed,158,59,2.29,66.8,94038.65,68917275,17.8,79.6
Country D,2002,Developing,300,104,9.68,75.6,29882.13,58980706,2.5,56.2
Country B,2012,Developing,427,238,8.83,70.9,18990.94,20044705,9.0,56.7
Country A,2005,Developed,307,461,0.08,27.0,61657.42,90332447,8.5,73.7
Country B,2008,Developed,99,126,4.28,41.2,56388.92,92286506,6.5,79.6
Country C,2010,Developing,121,82,9.66,34.0,71787.79,82069103,9.6,61.3
Country B,2003,Developing,602,219,12.19,59.5,88518.48,69613530,17.6,57.6
Country A,2003,Developing,30,407,4.69,68.2,55996.53,39553587,19.5,68.4
Country C,2005,Developed,230,945,9.72,25.1,15050.02,58585817,0.1,73.3
Country A,2005,Developing,651,616,3.99,76.3,59832.99,86996434,14.8,52.8
Country A,2002,Developed,254,928,10.36,57.4,37441.45,36111111,12.3,77.6
Country D,2013,Developing,404,971,10.47,25.3,45300.87,9425684,19.9,62.4
Country C,2000,Developing,494,585,1.96,36.0,95950.46,44153404,1.8,53.5
Country C,2002,Developing,31,646,9.98,17.3,55516.96,18250850,16.2,67.5
Country A,2007,Developed,162,429,5.01,51.8,15007.23,69136042,18.7,80.6
Country B,2007,Developed,432,889,2.6,21.8,44343.7,42170445,18.2,74.7
Country C,2015,Developed,156,573,7.51,58.5,22881.63,76512002,11.2,77.2
Country B,2005,Developed,323,512,6.79,61.6,13591.48,73241066,6.6,68.1
Country B,2006,Developing,629,78,11.61,43.6,71237.8,81682913,12.8,52.8
Country C,2001,Developing,191,885,1.28,16.6,62875.48,76946344,6.1,58.1
Country B,2008,Developing,176,64,11.85,52.8,49804.0,76756437,8.2,58.3
Country C,2002,Developed,517,940,1.6,36.1,42352.67,84002526,8.9,68.0
Country D,2001,Developed,524,979,3.12,76.5,32255.66,94878331,6.0,65.7
Country C,2015,Developing,571,182,7.74,45.9,8846.47,55869614,6.8,51.0
Country C,2015,Developing,339,65,6.95,15.1,29962.0,48776800,0.1,54.5
Country C,2004,Developed,605,834,14.83,54.5,83847.54,31482512,5.9,67.1
Country D,2000,Developed,319,867,8.85,64.6,78378.36,30147156,9.4,76.5
Country B,2004,Developed,111,207,4.92,21.2,97233.16,89714611,3.5,75.1
Country D,2015,Developed,473,53,13.5,41.4,65623.91,97392942,16.1,70.5
Country B,2009,Developing,17,220,4.69,62.0,55386.29,81519601,10.8,64.4
Country C,2003,Developed,220,235,4.11,11.4,29639.65,90025062,15.9,77.3
Country C,2015,Developing,487,888,7.42,12.0,7732.18,72730560,2.6,49.6
Country D,2011,Developing,305,611,13.7,57.4,61820.93,30869124,16.4,64.2
Country D,2005,Developing,517,958,10.63,60.8,48841.81,64875726,19.2,60.2
Country D,2011,Developed,129,437,10.17,69.2,75919.5,33601526,7.0,76.1
Country D,2004,Developing,624,102,10.89,38.0,41215.2,35405262,5.7,47.4
Country C,2008,Developing,24,435,9.9,37.3,98555.86,47728033,12.9,65.8
Country C,2004,Developing,541,693,11.4,48.7,39791.32,77516629,12.7,60.2
Country A,2012,Developed,132,962,2.9,63.0,33340.51,60185109,2.2,71.8
Country D,2007,Developing,556,420,2.67,54.9,87105.09,59008249,18.5,57.7
Country D,2015,Developing,321,107,5.44,32.9,39580.87,43701841,9.6,61.2
Country B,2011,Developing,497,523,12.77,34.3,87096.19,72378346,15.3,56.8
Country B,2012,Developed,382,442,10.72,63.4,2784.06,11783469,7.2,70.0
Country C,2001,Developed,216,505,8.5,47.4,69274.7,43739645,5.2,72.8
Country A,2002,Developing,543,403,0.3,16.9,7231.69,63868958,2.2,50.9
Country D,2002,Developing,11,342,3.54,20.7,14865.83,45911901,5.5,60.7
Country A,2002,Developed,82,597,12.05,69.6,70022.5,70641063,19.9,85.2
Country A,2005,Developed,156,799,3.64,79.9,29007.85,49443413,13.2,77.7
Country C,2015,Developed,166,326,10.96,33.5,21082.82,54484316,16.1,80.1
Country A,2006,Developing,208,213,2.78,37.1,80162.54,49255110,19.2,64.6
Country D,2006,Developed,24,555,9.1,20.8,94627.37,46071592,1.6,72.6
Country C,2011,Developed,691,321,9.43,26.5,23276.45,72754026,3.3,58.4
Country A,2006,Developed,332,77,11.28,39.7,31753.74,73397124,18.6,78.1
Country C,2011,Developed,562,54,6.58,29.9,71421.63,47326253,11.3,65.8
Country C,2002,Developing,519,783,9.49,59.1,81538.52,59454920,12.7,57.5
Country B,2015,Developed,511,855,7.31,47.6,99916.27,93416953,8.6,69.3
Country C,2000,Developing,612,70,14.21,67.6,27373.4,5533656,16.3,60.0
Country A,2005,Developed,593,67,7.83,60.7,55684.03,50895521,10.3,67.1
Country B,2002,Developing,241,179,3.15,19.0,13445.19,4195420,16.5,66.9
Country D,2015,Developing,181,379,10.02,18.6,33117.47,77873384,19.8,65.7
Country D,2012,Developing,293,932,8.23,72.7,4544.61,33901309,12.9,62.4
Country D,2015,Developing,83,685,12.06,67.4,21123.31,42581574,10.6,64.7
Country D,2014,Developed,566,680,2.66,42.8,50679.17,57440126,7.3,63.7
Country D,2002,Developing,90,900,3.92,19.1,16417.72,36030319,3.9,66.5
Country A,2014,Developing,439,449,13.83,72.9,88943.86,32473178,13.1,61.0
Country C,2002,Developing,543,260,13.95,26.1,71045.39,86498341,1.3,50.6
Country B,2014,Developing,193,446,6.64,12.5,2822.21,52050722,19.1,68.3
Country C,2008,Developing,488,636,0.73,74.7,87676.32,49642968,13.0,57.3
Country C,2011,Developed,612,130,4.61,66.6,97733.23,81808995,19.2,74.1
Country A,2015,Developing,349,233,3.71,58.5,50211.06,14783098,5.4,56.0
Country A,2014,Developing,89,903,6.23,12.4,31495.34,78290380,18.9,65.6
Country A,2003,Developing,123,153,4.77,47.0,26383.27,90691581,12.2,63.4
Country B,2004,Developing,374,329,12.44,55.8,8787.58,9025082,16.2,59.6
Country A,2002,Developing,47,636,0.06,63.2,49186.36,90216747,3.6,62.1
Country C,2009,Developed,433,865,9.67,43.0,5061.5,48594156,10.0,69.2
Country B,2012,Developed,146,890,9.97,76.7,50408.53,33760128,11.4,78.1
Country A,2014,Developed,3,611,9.91,27.1,25292.22,4498175,7.9,76.1
Country A,2011,Developing,530,52,7.81,14.9,47669.37,73940072,5.1,53.5
Country A,2000,Developing,314,843,9.17,33.3,41867.49,55494233,18.1,60.3
Country C,2014,Developed,327,467,12.16,56.3,30546.17,34714883,1.7,70.5
Country A,2011,Developing,81,639,11.77,61.6,44891.39,10550846,3.1,60.2
Country C,2003,Developed,153,412,0.53,61.7,47429.69,5906037,6.4,77.2
Country B,2014,Developing,402,13,0.47,17.7,83377.49,48240354,18.4,60.9
Country A,2000,Developing,488,495,12.59,72.0,66595.05,26412845,11.3,57.5
Country D,2010,Developing,67,516,8.63,29.7,43344.0,6024135,7.5,62.7
Country D,2010,Developed,89,761,14.36,24.7,90528.93,97455047,8.1,78.1
Country C,2006,Developed,135,367,6.48,53.0,75586.29,86241263,16.8,77.1
Country A,2006,Developed,202,538,2.66,24.8,7617.9,7854092,0.5,69.9
Country A,2014,Developed,428,636,7.1,45.6,15416.9,75826125,0.2,66.2
Country D,2003,Developed,179,451,6.55,38.5,8212.7,48546033,0.9,74.6
Country B,2014,Developed,339,540,7.76,26.2,31920.39,39198762,9.4,73.6
Country B,2004,Developing,79,514,12.12,30.4,43592.88,49967886,11.6,60.8
Country C,2009,Developed,597,480,9.84,39.9,50449.38,94831655,12.5,70.2
Country D,2006,Developed,533,413,2.79,34.2,85148.65,58893317,14.6,69.9
Country C,2012,Developed,378,227,11.02,36.7,1844.73,66876267,3.8,67.8
Country C,2005,Developed,165,136,8.88,61.5,42857.43,19191316,5.2,74.2
Country B,2012,Developing,540,768,8.68,21.8,41129.29,39116397,4.9,52.2
Country D,2003,Developed,697,239,10.18,53.9,94750.22,31219703,3.0,61.0
Country C,2003,Developed,155,790,8.46,57.5,24141.64,10033858,4.9,70.9
Country B,2001,Developed,123,834,6.87,66.1,12284.46,67048700,12.3,78.3
Country B,2009,Developed,599,671,9.61,69.3,14268.91,72146116,7.3,66.2
Country A,2001,Developing,202,471,10.86,21.1,52038.27,30537896,15.4,66.5
Country D,2011,Developing,40,517,3.39,19.7,39120.84,43999231,10.7,64.6
Country D,2003,Developing,169,460,7.46,53.0,75426.5,94211188,4.2,61.1
Country A,2004,Developed,70,304,6.88,63.0,32352.08,63524549,9.3,82.5
Country C,2003,Developed,330,654,0.61,29.1,12839.78,8142372,11.9,72.1
Country B,2013,Developed,440,953,12.52,46.8,38718.24,10747747,17.3,77.8
Country B,2002,Developing,399,180,5.67,64.1,88309.41,29378778,16.7,62.2
Country B,2010,Developing,493,29,1.1,63.7,40582.38,91091821,8.5,50.0
Country A,2001,Developed,354,971,6.87,55.8,83371.09,50666904,13.0,74.0
Country B,2003,Developed,328,764,2.43,15.5,37184.43,29660144,6.0,72.9
Country C,2013,Developed,498,39,10.57,13.5,28174.49,95924071,12.7,72.1
Country C,2015,Developing,419,186,8.58,37.2,77497.53,22396748,18.3,64.1
Country A,2010,Developed,503,318,4.06,11.9,20962.99,81260428,12.5,72.4
Country C,2004,Developing,539,815,14.26,73.3,23221.48,10582763,6.1,49.4
Country D,2015,Developing,345,226,4.38,11.4,5028.79,10217028,12.9,61.1
Country D,2000,Developing,643,731,8.33,12.1,18825.18,18858438,18.1,53.9
Country B,2014,Developing,377,891,12.03,21.6,37912.6,65630311,2.7,52.7
Country B,2012,Developed,295,323,7.71,53.9,39987.29,57989844,9.6,76.1
Country D,2000,Developing,288,902,14.41,47.9,42091.78,99822584,6.4,59.4
Country C,2005,Developed,254,942,12.66,56.2,47995.31,26386960,4.8,72.4
Country A,2004,Developing,434,42,13.82,72.5,57212.47,58274240,7.9,53.8
Country B,2010,Developed,501,655,5.6,41.8,18983.43,74542356,7.9,68.5
Country B,2003,Developing,85,277,8.23,13.1,61413.72,84118263,4.2,60.2
Country D,2000,Developing,521,318,12.6,63.4,33688.63,94417659,8.1,52.5
Country D,2011,Developing,562,173,13.55,66.8,73414.37,14611473,12.7,57.4
Country A,2013,Developed,513,758,14.17,13.5,55742.58,10943217,0.5,64.2
Country B,2006,Developing,516,684,13.19,27.0,55449.15,1629211,19.8,59.1
Country C,2014,Developing,516,40,10.96,63.9,68564.42,91610275,5.9,52.2
Country C,2003,Developing,497,408,0.37,36.3,33335.25,23796631,12.5,57.7
Country D,2002,Developing,602,561,4.73,43.1,42951.83,99331198,5.7,51.3
Country A,2013,Developed,162,322,1.94,67.6,58310.64,75358427,7.9,76.1
Country D,2015,Developed,667,179,2.33,16.6,42184.48,34542034,11.0,65.3
Country A,2006,Developed,527,853,4.37,57.4,44453.53,68485812,12.2,71.0
Country C,2001,Developed,365,158,1.13,25.0,27285.08,3347840,15.4,76.9
Country A,2009,Developing,544,36,3.65,14.4,28774.13,78881561,15.8,56.3
Country C,2000,Developing,425,405,14.36,56.4,69910.79,36416332,10.4,57.0
Country A,2010,Developing,575,538,4.69,18.5,477.9,55804491,1.5,51.1
Country D,2003,Developed,364,375,2.4,62.3,9574.28,29766975,11.2,71.7
Country C,2012,Developing,108,897,10.78,24.2,94883.55,14048822,9.6,61.1
Country B,2007,Developed,14,255,12.43,13.4,18742.46,23771806,4.3,76.6
Country B,2012,Developed,23,277,4.72,17.0,41841.18,9236553,0.2,76.2
Country C,2005,Developed,623,248,4.18,68.9,84976.03,23650101,6.3,59.7
Country B,2008,Developing,321,692,3.63,36.0,60.23,41751555,5.2,55.8
Country C,2000,Developing,510,16,5.9,31.2,92521.66,32780292,9.7,53.2
Country D,2000,Developing,672,367,1.32,44.4,5396.19,19460921,15.2,54.9
Country D,2010,Developed,41,124,10.04,54.3,17128.36,10270305,8.8,78.4
Country A,2004,Developing,304,311,12.34,12.6,2958.9,87241296,19.0,65.7
Country B,2005,Developing,656,211,9.96,72.9,51976.03,26188231,4.4,50.4
Country B,2007,Developed,415,471,6.32,77.1,94312.28,7341103,4.4,68.4
Country B,2002,Developing,450,748,4.34,39.2,83911.71,66038869,12.1,55.0
Country C,2005,Developing,394,414,6.15,38.9,63992.87,27626255,17.9,61.8
Country D,2002,Developed,665,499,6.36,71.5,18589.59,51725333,13.4,67.8
Country B,2015,Developed,594,810,9.99,40.1,86966.23,10318369,13.5,69.5
Country A,2007,Developing,365,711,13.92,69.9,75489.8,28614856,16.1,58.4
Country B,2011,Developed,429,888,1.07,12.0,26721.43,18078623,13.4,73.4
Country A,2010,Developing,152,180,14.3,44.3,80518.66,52513395,15.2,63.5
Country B,2010,Developing,259,388,13.65,76.7,87721.28,60137548,17.3,62.7
Country B,2015,Developed,591,641,1.77,27.7,69837.69,75247872,0.2,56.0
Country D,2003,Developed,223,632,2.76,28.6,10083.4,27794645,17.7,79.5
Country A,2001,Developed,266,186,4.68,54.1,98425.47,45243968,4.3,69.9
Country B,2011,Developed,230,899,8.4,74.8,7646.3,73640157,18.2,80.5
Country A,2008,Developing,439,738,2.03,23.9,65464.68,71529335,5.3,54.0
Country A,2014,Developed,150,673,3.01,74.5,11097.0,65762147,9.1,73.6
Country D,2009,Developed,457,962,13.54,56.4,90546.07,1232823,18.7,75.0
Country D,2014,Developed,136,623,1.65,79.5,35030.27,41111246,2.2,73.8
Country A,2015,Developed,635,467,5.99,61.6,51174.73,81064010,14.9,73.9
Country D,2012,Developing,399,456,11.45,56.7,17917.22,86013630,7.8,57.1
Country B,2007,Developed,622,133,13.33,67.0,54678.89,74811356,0.5,60.2
Country B,2014,Developed,143,697,5.05,22.3,93887.05,84934887,18.8,85.4
Country D,2005,Developing,70,174,2.47,76.2,90168.23,26951068,2.4,59.3
Country A,2002,Developed,54,260,11.06,21.6,6436.4,97080789,15.5,81.1
Country B,2001,Developing,403,316,11.59,11.8,37856.94,27447707,7.7,59.7
Country C,2012,Developing,552,823,14.7,58.8,26779.76,46924643,16.2,55.8
Country A,2003,Developing,27,869,2.1,22.9,48162.08,18358610,15.0,66.6
Country A,2003,Developing,299,930,10.64,63.1,83381.23,12744393,12.7,57.1
Country C,2000,Developed,692,886,6.27,65.7,73898.24,17029323,18.8,70.5
Country C,2014,Developing,558,990,13.72,26.6,34430.62,78951942,2.0,49.5
Country A,2008,Developed,654,268,6.12,16.1,38297.45,52265788,16.0,69.1
Country C,2015,Developing,320,793,6.69,45.1,65442.79,1632994,13.4,60.6
Country D,2009,Developing,445,469,1.91,72.3,19462.81,98742305,6.3,52.6
Country D,2007,Developed,98,223,4.82,69.3,10317.67,61656364,10.9,81.4
Country A,2006,Developed,126,251,6.02,18.2,24296.72,45050268,12.9,79.0
Country D,2005,Developing,58,63,0.27,77.5,12447.04,8166460,14.7,64.7
Country B,2002,Developed,177,974,6.57,28.5,35230.83,40523753,3.7,70.5
Country D,2003,Developing,285,906,5.05,34.5,93759.7,41580956,2.0,55.4
Country D,2015,Developed,666,829,12.06,20.4,12073.93,89374122,2.0,64.5
Country C,2001,Developing,27,463,1.62,36.4,81841.3,14058262,5.9,63.1
Country D,2006,Developed,451,942,11.41,54.5,53488.07,6087514,3.1,71.5
Country A,2001,Developed,323,123,10.71,45.4,63308.66,19685916,10.7,77.9
Country D,2013,Developing,675,581,3.63,67.9,17049.73,47557024,8.7,48.3
Country D,2014,Developing,250,237,1.26,54.9,15179.76,864201,17.9,61.0
Country A,2009,Developing,370,74,12.63,28.4,16316.23,17127424,14.3,58.2
Country A,2000,Developed,90,441,3.75,49.0,66722.93,61351946,4.1,76.7
Country C,2005,Developed,131,499,2.19,14.5,74791.44,35102340,0.9,73.6
Country B,2003,Developing,525,521,5.39,50.7,92028.48,5531571,14.2,58.6
Country D,2014,Developed,29,911,6.02,37.3,39849.33,65334590,16.9,80.8
Country B,2007,Developing,544,267,4.9,16.9,46223.84,70777173,14.0,52.6
Country C,2000,Developed,662,966,14.65,31.5,46986.02,91693688,12.9,67.0
Country A,2008,Developed,86,486,13.21,72.9,27026.3,45226295,5.0,77.0
Country A,2005,Developed,58,986,13.1,51.0,32856.85,94367647,9.9,79.1
Country A,2015,Developing,57,599,5.99,73.2,84689.68,72116074,14.5,68.6
Country C,2013,Developed,394,49,14.44,38.8,34405.03,41462525,3.9,67.6
Country D,2001,Developed,25,654,10.26,78.5,86916.16,71728501,9.5,81.2
Country C,2007,Developed,190,58,12.48,35.2,30561.51,33562474,2.3,71.1
Country A,2004,Developed,76,453,7.52,63.0,34021.32,28605197,10.6,80.3
Country D,2004,Developing,371,829,2.42,31.4,56050.07,86336830,11.5,59.9
Country A,2004,Developed,506,722,13.3,17.4,10357.53,53891836,10.7,73.4
Country A,2006,Developed,183,71,7.3,68.3,92210.12,32006810,9.4,73.4
Country C,2006,Developed,154,755,14.53,63.4,82048.96,31568127,11.7,80.5
Country C,2009,Developed,269,750,3.83,67.4,67066.86,13033799,19.9,80.5
Country B,2010,Developing,278,189,14.89,31.0,98813.1,81219348,12.5,60.8
Country A,2006,Developed,340,995,3.34,59.3,1649.14,61049032,15.1,75.5
Country D,2011,Developed,23,561,5.53,25.4,41135.48,10542995,3.8,76.3
Country A,2009,Developed,432,716,8.91,10.8,85841.39,83393558,10.6,71.7
Country D,2001,Developed,526,565,10.4,70.7,43330.08,190624,0.2,61.4
Country B,2007,Developing,606,821,10.81,46.6,573.87,56235898,0.6,48.7
Country A,2000,Developed,343,992,7.15,78.9,15817.52,2071689,6.4,71.6
Country D,2015,Developed,52,735,1.16,37.0,43435.54,19290730,9.3,77.3
Country D,2012,Developing,339,155,7.45,77.0,66811.39,43248178,11.5,59.0
Country B,2013,Developed,41,871,5.03,53.1,16307.29,46623651,17.8,85.3
Country C,2001,Developing,676,562,9.87,45.9,44831.9,69141105,15.4,53.0
Country B,2010,Developed,518,752,2.74,31.2,1328.21,65124585,6.0,65.4
Country D,2006,Developed,407,841,5.91,67.8,47776.18,86039502,14.9,72.9
Country B,2003,Developed,138,672,14.49,68.0,89597.65,67097474,11.0,73.6
Country C,2010,Developed,99,640,1.34,39.2,59696.96,21248624,15.6,84.4
Country A,2009,Developed,341,84,9.04,60.9,44093.53,62059086,8.2,70.6
Country B,2009,Developed,316,68,1.37,41.3,16267.82,69898888,1.8,72.1
Country B,2008,Developed,542,384,2.36,61.8,20281.74,63328781,12.4,67.9
Country A,2010,Developed,225,372,9.08,79.6,7697.17,40304160,11.1,74.8
Country B,2008,Developed,261,54,6.67,28.4,74253.98,83638408,19.1,79.5
Country C,2013,Developed,247,84,8.23,54.4,7759.67,67754730,3.2,72.9
Country D,2002,Developed,79,856,13.2,36.6,38425.69,59371783,13.1,79.8
Country B,2012,Developed,697,979,12.26,48.4,74996.98,7661492,9.5,62.7
Country A,2013,Developing,692,940,13.32,71.2,71296.63,31310204,7.6,49.8
Country A,2012,Developed,473,840,9.25,34.3,57774.34,89248376,15.9,76.0
Country B,2002,Developing,77,591,7.35,15.1,57152.21,27735953,16.2,67.2
Country A,2008,Developing,262,731,6.89,65.9,9078.29,67068459,14.3,66.3
Country D,2012,Developed,2,935,11.1,48.9,17532.78,31994171,1.7,76.2
Country D,2009,Developing,17,621,7.82,41.5,53497.71,69849058,6.9,65.1
Country A,2014,Developed,344,764,1.6,22.8,34840.63,20804801,0.9,69.6
Country B,2011,Developed,12,316,2.14,16.5,1942.76,40079124,6.9,76.9
Country B,2007,Developing,694,163,5.36,29.5,79826.76,9438347,13.0,52.5
Country A,2000,Developing,7,614,1.03,60.3,65398.64,40104759,10.4,67.3
Country D,2005,Developing,246,624,3.6,38.8,32612.26,12159642,14.1,61.4
Country D,2006,Developed,157,251,9.85,49.9,9865.61,74959240,11.0,78.2
Country B,2013,Developing,174,151,0.2,15.7,59140.52,92989192,11.1,60.8
Country D,2010,Developing,487,335,9.07,18.6,34887.53,57863861,10.2,57.2
Country C,2013,Developing,693,909,11.59,10.8,25576.16,42998843,7.3,50.0
Country D,2007,Developed,281,367,2.56,57.1,72160.85,56184396,8.9,75.6
Country B,2011,Developed,309,762,2.72,28.5,32848.6,88132226,2.2,72.4
Country D,2011,Developing,237,865,0.44,77.7,13648.05,84839228,16.7,65.0
Country D,2001,Developing,157,599,7.69,31.6,48191.29,173993,17.8,65.4
Country A,2013,Developing,251,970,9.82,35.5,82855.16,67064082,15.3,62.3
Country C,2000,Developing,221,99,6.86,42.9,84973.4,39394475,11.7,57.2
Country A,2003,Developing,338,119,5.85,32.3,84941.85,636785,11.4,59.8
Country D,2000,Developing,223,384,6.82,67.2,42120.94,28792797,9.4,62.3
Country D,2001,Developing,211,302,11.73,71.3,79103.87,26909619,4.6,55.6
Country A,2002,Developed,337,715,0.51,10.8,85030.57,71991465,7.7,71.8
Country C,2003,Developing,134,148,11.76,55.8,45980.84,19141993,19.8,66.9
Country B,2015,Developing,495,200,10.0,58.0,31908.0,54213584,2.9,52.5
Country A,2015,Developed,547,806,3.63,77.3,70211.36,44078419,10.9,69.8
Country D,2011,Developing,183,2,7.88,35.9,90451.7,38247673,17.3,63.2
Country D,2011,Developed,161,399,0.75,23.7,97216.64,70797671,9.1,79.6
Country B,2005,Developing,605,67,5.7,46.4,29057.97,76940471,12.1,50.6
Country D,2015,Developed,387,153,2.62,41.3,95619.3,48403706,16.6,74.3
Country D,2007,Developing,197,493,0.34,65.4,49953.26,30760918,11.0,58.9
Country B,2008,Developing,484,181,5.36,73.3,30638.17,63056576,14.6,58.3
Country D,2014,Developed,502,524,10.89,16.1,98840.39,77431685,6.9,69.3
Country D,2003,Developed,489,188,13.82,69.3,87786.91,51717591,14.7,72.3
Country C,2000,Developed,352,19,9.94,73.6,69257.04,34752365,0.8,65.9
Country A,2013,Developing,530,850,6.04,74.7,89499.48,32211458,3.1,49.1
Country C,2004,Developing,234,282,14.99,63.5,68164.71,12497398,12.7,63.5
Country C,2015,Developing,578,897,4.25,61.9,44068.36,42495110,9.0,52.8
Country D,2004,Developing,409,9,2.82,11.0,94807.55,56057747,16.6,59.2
Country A,2008,Developing,276,699,6.96,74.4,96326.61,10570429,6.8,56.5
Country A,2005,Developed,459,856,7.58,34.6,31451.8,70706611,15.3,73.2
Country D,2004,Developing,453,530,5.33,12.9,35471.81,21501297,2.8,53.5
Country C,2009,Developed,413,654,10.44,38.9,38302.91,20064124,18.6,75.6
Country C,2009,Developed,18,614,2.77,61.3,82223.49,88670102,8.4,79.7
Country C,2004,Developing,72,302,7.66,40.9,79125.01,9248158,4.6,57.7
Country A,2007,Developing,667,240,7.51,63.1,98312.35,54666054,15.8,56.8
Country D,2010,Developed,378,151,12.36,45.7,46548.11,33576550,19.0,76.9
Country A,2000,Developing,682,783,13.91,31.0,73689.87,83636529,18.4,53.6
Country C,2004,Developed,355,336,9.95,24.2,85679.21,8345121,4.8,71.2
Country A,2000,Developing,151,187,4.59,39.5,22161.98,94702714,13.4,64.0
Country A,2014,Developed,261,463,10.35,12.5,62074.51,56614846,10.9,73.0
Country D,2006,Developing,80,721,3.78,39.6,54793.38,52119463,14.5,65.4
Country D,2013,Developing,106,176,14.5,14.8,74295.56,48868437,9.7,61.7
Country A,2014,Developing,523,899,12.34,71.4,69558.03,63415665,9.4,51.7
Country B,2006,Developed,403,705,6.47,50.3,81288.62,12890648,17.7,74.9
Country D,2012,Developing,130,176,11.77,55.2,31148.96,72530077,17.4,64.0
Country B,2009,Developed,171,880,6.14,30.2,21674.82,90592194,15.8,77.0
Country D,2007,Developing,406,414,1.13,25.8,80529.61,36574930,14.1,59.9
Country C,2013,Developing,33,577,10.6,59.6,36088.31,68271833,13.6,66.8
Country B,2006,Developed,536,309,6.08,57.0,28792.98,22793321,1.1,64.3
Country C,2010,Developed,197,1,13.96,18.6,33715.01,73493298,15.0,74.1
Country C,2008,Developed,46,316,4.61,26.7,6682.08,66767599,12.8,80.3
Country A,2007,Developing,274,782,12.65,76.3,77325.78,36610426,6.0,59.0
Country C,2015,Developing,133,508,10.21,31.3,71530.21,82582133,16.4,68.0
Country C,2007,Developing,264,571,12.8,11.8,55291.61,58756902,16.6,65.1
Country C,2002,Developing,597,367,4.39,14.5,71622.69,25405025,18.6,55.0
Country C,2014,Developing,367,554,6.93,64.3,37344.66,3060993,8.4,55.3
Country A,2009,Developing,5,604,12.35,63.0,29572.14,74465482,11.0,65.1
Country A,2014,Developing,269,225,9.66,36.7,86236.98,64584075,18.1,63.5
Country C,2015,Developed,421,935,5.41,20.7,42274.33,20172124,6.3,69.8
Country B,2003,Developing,346,479,7.68,44.9,19631.42,15976724,15.9,63.3
Country D,2003,Developed,69,980,14.94,33.2,74916.94,9914328,19.8,83.9
Country B,2000,Developing,358,797,11.13,36.2,33620.39,29011205,13.0,61.8
Country C,2005,Developed,688,62,9.22,28.3,21224.54,63746172,19.7,69.5
Country A,2001,Developed,386,279,12.42,14.4,2770.07,57001339,10.3,71.7
Country C,2014,Developed,325,939,6.64,65.4,97061.65,61824065,3.1,69.2
Country C,2008,Developing,481,13,14.25,53.3,46755.57,81604702,3.5,52.0
Country A,2013,Developed,179,27,8.28,68.4,16217.7,37021343,14.6,76.0
Country B,2000,Developed,256,141,4.91,45.2,75793.23,66106095,0.0,73.7
Country D,2000,Developed,419,951,1.3,78.9,88770.73,62112458,13.2,73.4
Country C,2010,Developed,211,619,5.64,77.4,52820.4,79458372,3.0,70.0
Country A,2012,Developing,584,801,8.53,29.0,2884.53,8396380,19.7,56.0
Country D,2009,Developing,367,589,10.55,37.1,36546.04,94863313,3.3,54.5
Country D,2010,Developing,577,758,13.13,62.7,24348.01,36740518,11.0,55.1
Country D,2005,Developing,166,472,14.16,64.4,63657.93,38814816,13.4,65.3
Country A,2012,Developed,214,523,1.55,73.7,51909.84,80616740,16.4,79.0
Country C,2000,Developing,529,183,9.02,55.7,35605.9,80878705,9.2,55.2
Country A,2011,Developed,173,316,10.0,43.3,64868.09,22960846,18.7,81.6
Country C,2014,Developing,129,360,2.59,36.4,58463.71,4575001,9.6,62.0
Country B,2002,Developed,3,444,8.19,39.3,90653.69,96506491,5.0,76.8
Country D,2015,Developed,70,295,5.03,69.5,59700.46,28573955,11.9,79.6
Country C,2009,Developed,52,403,1.17,78.6,50795.8,47757941,13.2,80.3
Country B,2001,Developed,437,751,1.0,13.6,82375.82,48919347,10.1,71.3
Country A,2012,Developing,378,937,11.39,50.6,20281.85,26694127,14.7,60.7
Country D,2010,Developing,94,262,9.24,46.4,24394.28,29349230,8.4,65.6
Country C,2008,Developed,559,846,10.73,36.3,78368.13,60809196,0.1,61.9
Country D,2015,Developed,587,376,10.28,69.6,44262.91,70434536,5.3,66.1
Country D,2004,Developing,603,584,2.02,50.3,40953.12,13028694,18.9,58.1
Country D,2005,Developing,86,67,2.28,31.9,88713.44,37101011,15.3,65.2
Country A,2001,Developing,518,798,3.79,41.1,61030.4,25972445,3.8,53.7
Country D,2007,Developed,430,470,5.99,35.0,80300.77,24050105,1.3,66.1
Country C,2005,Developed,43,837,14.09,40.1,80993.4,4337874,7.0,79.0
Country A,2015,Developed,370,731,10.11,15.0,12046.66,56684881,16.7,78.5
Country B,2010,Developed,404,971,3.84,17.8,65387.55,14114289,2.1,68.8
Country C,2011,Developing,303,46,0.85,53.7,95254.01,50698457,10.9,59.0
Country A,2007,Developed,182,946,10.27,57.9,48028.71,42650017,5.5,75.1
Country C,2007,Developing,169,57,9.38,54.6,73231.63,58518312,14.5,63.1
Country C,2013,Developed,203,917,10.14,63.4,56694.95,42216611,0.0,69.5
Country B,2014,Developing,543,23,3.93,76.0,20524.36,25216379,5.5,52.6
Country A,2000,Developed,102,289,7.76,70.2,19559.6,79961490,13.6,81.3
Country D,2006,Developing,576,830,5.43,39.3,43411.62,39609732,10.9,54.1
Country C,2001,Developing,346,443,12.27,25.2,48324.91,97577449,15.6,62.0
Country C,2014,Developed,603,402,1.05,31.8,50338.09,26647730,3.2,69.2
Country C,2010,Developing,442,23,4.14,51.1,95502.33,27796672,10.6,58.9
Country C,2007,Developing,250,63,9.05,69.9,10070.44,253385,3.9,55.8
Country C,2011,Developing,183,766,3.09,59.1,38083.65,88851024,12.8,63.1
Country A,2001,Developed,302,659,10.09,48.0,51479.02,44689384,2.6,70.9
Country C,2003,Developed,280,627,2.06,52.1,96313.12,94064357,3.0,69.2
Country C,2001,Developed,89,609,0.35,47.0,50456.27,43695582,6.6,77.8
Country C,2012,Developed,425,238,12.95,78.0,77538.81,57063174,8.0,69.0
Country D,2006,Developing,285,282,5.01,67.1,74940.35,58885901,10.0,60.6
Country D,2004,Developing,671,441,2.36,64.7,56666.08,17813757,11.6,56.2
Country A,2012,Developed,130,299,2.6,46.2,13113.78,72873878,9.4,76.8
Country C,2010,Developing,248,92,13.29,33.2,21914.93,16699112,0.9,56.4
Country C,2015,Developed,652,576,9.82,11.4,24052.02,23752417,6.9,66.0
Country B,2012,Developed,189,374,14.35,13.0,3914.03,420063,1.2,70.0
Country D,2010,Developing,91,685,12.0,12.1,37952.84,10411071,2.4,57.9
Country B,2008,Developed,568,995,11.52,78.6,61070.85,63169945,1.9,65.3
Country C,2004,Developing,165,309,7.5,18.0,14469.42,44170635,3.2,58.6
Country C,2010,Developed,548,887,12.31,19.9,17544.85,44441828,16.3,71.9
Country B,2007,Developed,330,746,6.2,43.9,70713.28,69735561,12.6,76.6
Country A,2001,Developed,541,166,12.41,43.7,16966.88,83586530,10.1,70.2
Country A,2002,Developing,80,748,11.37,74.4,13576.79,36719856,14.6,70.1
Country B,2005,Developed,169,6,10.18,15.1,97785.3,50555989,19.2,79.4
Country C,2010,Developing,545,821,4.95,77.0,1522.79,14007099,8.4,52.5
Country B,2006,Developed,93,42,9.46,25.1,32574.55,19470187,7.3,79.7
Country D,2013,Developed,624,787,7.61,77.9,3541.92,89017014,19.6,75.7
Country A,2009,Developing,379,339,6.93,47.9,83812.92,21981478,15.4,58.4
Country B,2007,Developing,209,152,14.85,55.6,58374.39,96503915,15.5,62.8
Country A,2014,Developing,194,42,7.57,32.1,4842.79,57921644,12.0,61.8
Country D,2002,Developing,264,724,0.49,52.8,61555.45,94854739,10.1,62.6
Country C,2006,Developing,247,200,9.4,59.8,12353.48,3915411,11.0,60.3
Country C,2007,Developing,630,894,10.92,10.7,49598.47,3358223,13.0,53.6
Country C,2009,Developed,448,666,13.28,12.4,66957.82,21323531,7.5,69.3
Country A,2014,Developing,521,731,9.49,79.1,14893.28,9810466,15.6,57.6
Country D,2005,Developed,479,664,0.3,42.0,49730.19,35846824,18.2,75.2
Country B,2003,Developed,277,547,1.8,75.5,45768.22,46503609,11.4,78.9
Country C,2012,Developed,129,225,2.43,61.1,91579.26,66255195,7.6,79.1
Country A,2005,Developing,302,833,3.18,36.1,99570.35,71552006,13.9,58.7
Country C,2015,Developed,574,632,12.0,20.6,65464.72,52927569,3.6,64.9
Country D,2008,Developed,514,520,4.65,78.5,85493.17,42197242,19.4,74.5
Country B,2002,Developed,360,338,4.69,50.9,64705.85,36280391,13.2,73.5
Country C,2014,Developing,357,334,11.34,23.5,87634.81,76989073,1.4,55.6
Country D,2001,Developed,466,180,6.19,57.7,43355.54,34052064,10.6,73.7
Country A,2004,Developing,172,532,0.98,16.4,60818.59,54802437,15.0,63.1
Country D,2015,Developed,88,945,8.78,70.8,84524.69,52027137,5.6,76.1
Country A,2006,Developing,500,271,1.96,16.3,91812.67,11338602,1.0,52.3
Country C,2002,Developing,83,193,8.58,26.5,2517.04,20731016,9.8,65.4
Country C,2004,Developed,517,537,11.7,16.4,10440.07,83519769,16.7,72.0
Country D,2003,Developed,551,939,13.94,17.3,93120.65,7603078,5.0,67.4
Country A,2010,Developing,322,796,1.02,46.7,56872.45,54143574,14.3,59.3
Country D,2006,Developing,465,480,4.57,58.1,99019.7,40657595,8.2,56.9
Country D,2001,Developing,587,97,9.79,65.2,79273.67,99753131,1.2,47.4
Country C,2011,Developed,613,429,4.74,58.7,81823.11,4558137,6.1,66.0
Country C,2010,Developed,141,511,6.77,35.4,38642.94,7941885,6.3,74.4
Country C,2012,Developed,605,730,0.31,49.0,25791.26,40025510,18.1,70.0
Country D,2006,Developed,631,326,10.41,74.9,59846.0,27416861,19.6,71.0
Country D,2011,Developed,621,944,13.25,37.1,87909.26,12556442,4.2,64.0
Country B,2001,Developing,555,910,14.65,27.7,72583.57,4928824,8.6,55.7
Country B,2002,Developing,136,784,12.46,46.4,47243.91,44028128,19.5,66.1
Country D,2004,Developing,330,904,0.49,30.8,75332.39,25975915,8.1,57.6
Country B,2006,Developing,395,972,9.78,28.3,69055.24,59202784,7.0,54.3
Country D,2012,Developing,156,799,7.44,64.5,91309.49,40514316,2.2,59.8
Country C,2015,Developing,39,577,14.07,72.4,26392.54,25399726,15.1,68.9
Country A,2005,Developed,282,826,13.53,45.2,11975.18,4152794,8.9,75.4
Country C,2011,Developing,538,415,14.82,64.6,47031.61,40580134,12.8,54.9
Country D,2006,Developed,544,110,12.93,23.1,36140.03,87938842,10.2,67.9
Country C,2010,Developed,46,211,8.21,48.3,97487.37,58112367,3.5,74.0
Country D,2005,Developed,668,682,10.73,54.5,800.04,3434719,3.5,64.9
Country D,2012,Developed,244,850,14.47,44.3,93341.64,79857903,18.8,78.6
Country B,2011,Developing,547,877,8.68,18.2,95510.17,98581946,17.8,59.7
Country D,2000,Developing,450,986,12.6,61.4,5143.29,14423864,12.2,55.4
Country A,2014,Developed,278,995,14.13,68.7,88962.51,21822427,0.0,69.0
Country B,2004,Developed,406,570,8.56,54.5,47104.35,15027102,8.7,70.3
Country A,2011,Developing,46,29,2.4,21.8,76626.77,69332823,10.6,63.0
Country D,2000,Developing,520,266,2.34,15.2,7971.59,72225136,9.0,50.6
Country C,2006,Developing,271,975,1.74,31.1,95522.8,37899418,18.5,61.2
Country D,2003,Developed,556,886,7.15,12.6,60774.47,84179831,0.8,66.5
Country D,2004,Developing,238,665,7.21,68.7,89874.5,3020700,13.1,60.1
Country C,2000,Developing,167,349,9.26,59.2,67312.66,96688609,6.3,61.1
Country C,2007,Developed,376,513,7.25,49.5,53704.19,10132244,11.2,73.1
Country A,2014,Developed,588,929,14.6,72.3,17290.94,65727962,13.1,69.1
Country B,2003,Developing,669,680,4.38,17.7,17836.52,51081794,8.8,50.2
Country B,2002,Developed,201,213,13.11,60.0,47283.4,3232553,3.0,72.3
Country B,2000,Developed,232,250,1.51,20.3,87050.7,23401127,10.4,76.9
Country A,2003,Developed,446,542,9.03,14.3,11566.11,92058891,18.7,73.0
Country A,2002,Developed,418,318,9.73,19.3,99838.6,25687603,10.7,71.9
Country C,2007,Developed,154,182,11.59,76.6,87597.43,2493514,2.5,73.9
Country B,2008,Developing,368,884,7.55,40.8,39286.25,32072860,16.5,62.4
Country D,2011,Developing,87,188,2.97,13.4,25349.18,31752570,4.4,62.5
Country A,2004,Developing,530,724,5.54,50.9,92203.51,83744093,7.4,52.7
Country D,2008,Developing,54,126,4.09,24.0,12365.0,30835531,8.6,60.4
Country B,2000,Developing,42,803,6.29,10.5,34761.63,28861074,6.8,63.4
Country B,2006,Developed,349,295,7.95,63.1,8437.04,87555300,8.1,71.8
Country A,2010,Developing,230,22,9.38,20.8,95348.55,89889638,15.9,65.8
Country A,2013,Developing,694,921,12.68,76.0,61781.41,16389958,4.5,48.8
Country C,2006,Developed,436,529,13.65,51.5,33651.16,56509857,9.4,73.4
Country D,2005,Developing,141,78,6.94,16.1,27584.54,65069748,0.4,56.3
Country C,2003,Developing,288,545,1.34,25.2,44437.22,5876956,10.2,61.8
Country C,2012,Developing,322,469,11.96,52.8,9183.28,81324646,2.2,55.0
Country D,2010,Developing,594,923,7.16,33.7,88940.43,65659346,5.6,51.8
Country B,2008,Developed,442,618,8.2,47.3,51118.49,69789518,6.5,66.0
Country D,2013,Developed,167,304,8.94,66.0,72523.56,14708514,1.6,74.7
Country B,2002,Developed,566,447,10.02,65.5,23412.9,43450389,7.2,66.9
Country C,2010,Developed,463,198,13.35,58.9,50399.74,6368683,10.0,71.7
Country B,2014,Developing,456,190,14.28,72.0,21148.06,30620943,8.6,54.5
Country B,2010,Developing,73,231,14.1,24.0,81618.66,44628691,5.6,63.6
Country B,2000,Developing,683,573,12.14,22.4,77538.74,78401652,5.9,49.7
Country D,2014,Developing,270,553,13.34,66.0,14862.82,36760160,12.7,61.2
Country B,2001,Developing,219,23,0.75,32.5,7496.96,79366992,14.4,66.6
Country D,2002,Developing,648,674,12.74,45.9,82428.46,25945546,11.5,47.8
Country A,2001,Developing,547,460,1.09,62.1,11009.31,55706908,19.5,58.0
Country A,2005,Developed,658,182,11.2,37.7,54870.97,72858035,18.9,71.0
Country C,2012,Developed,183,432,2.55,19.1,53472.01,74081848,2.0,70.7
Country C,2014,Developed,78,844,5.41,57.6,20334.26,37295477,5.2,76.7
Country D,2013,Developed,308,606,2.77,67.2,59156.08,92288444,17.4,74.9
Country B,2006,Developed,328,954,6.66,10.9,50300.38,51803728,0.6,66.1
Country B,2004,Developed,421,82,6.18,49.4,50943.46,59899247,11.8,73.4
Country A,2004,Developed,236,92,0.73,42.9,36002.01,78525512,19.1,78.0
Country D,2006,Developing,589,277,12.46,28.2,83850.93,13541268,13.6,56.0
Country B,2005,Developing,462,616,12.81,21.3,8482.84,68828995,1.8,50.5
Country B,2011,Developing,585,84,11.81,23.2,43890.37,28398762,15.0,54.1
Country D,2007,Developing,539,572,12.72,60.7,26018.64,71425957,7.5,51.0
Country C,2008,Developed,38,207,11.27,47.5,84850.9,16550197,18.4,81.5
Country D,2001,Developed,426,669,14.06,78.7,22546.79,34079802,5.7,68.5
Country D,2011,Developed,598,580,8.65,27.0,76714.13,57746658,9.5,66.2
Country B,2001,Developed,434,443,8.74,77.0,61170.96,95103021,14.9,73.5
Country A,2014,Developing,359,773,12.9,46.1,87485.29,49073467,5.2,51.7
Country B,2000,Developing,31,852,5.25,20.2,59399.7,87902568,3.6,59.5
Country B,2006,Developing,205,745,0.76,20.4,55670.61,89570979,0.1,58.4
Country B,2010,Developing,181,369,11.25,52.6,80122.94,25489523,9.8,58.8
Country D,2014,Developed,40,650,3.83,68.2,56270.52,6559894,18.6,82.2
Country D,2013,Developed,423,791,7.12,62.3,84461.98,13677340,5.6,71.8
Country B,2003,Developing,157,475,3.61,55.9,4979.34,1566404,0.9,57.2
Country B,2014,Developing,168,503,12.41,22.0,49540.23,83952938,12.4,59.4
Country A,2008,Developing,670,846,14.37,17.6,81278.52,94650820,1.1,48.3
Country C,2005,Developing,642,230,0.83,10.0,84844.1,59214833,10.1,54.6
Country B,2011,Developing,82,877,3.51,17.1,83413.83,51023836,7.6,62.1
Country D,2006,Developing,668,359,2.85,63.6,60457.91,69861397,9.5,50.3
Country C,2012,Developed,687,562,10.1,72.7,99397.44,71746362,3.3,59.4
Country C,2006,Developed,600,750,6.44,26.8,18179.56,61952604,1.8,62.9
Country A,2007,Developing,102,18,6.85,65.6,17487.04,856352,15.0,63.0
Country C,2003,Developed,89,689,2.36,23.9,3330.63,2619251,4.9,75.7
Country B,2002,Developed,345,208,6.23,27.4,98934.25,63373318,16.0,77.8
Country B,2002,Developed,310,898,4.56,25.7,34834.65,27448425,15.2,74.4
Country D,2009,Developing,608,130,9.17,13.6,76217.32,53211864,4.0,51.2
Country B,2007,Developed,440,742,3.27,23.6,6018.05,30380392,18.2,71.8
Country B,2011,Developed,159,383,9.23,36.1,29903.88,48664576,3.2,72.9
Country A,2014,Developed,114,91,5.67,38.4,62403.54,87964183,15.9,76.7
Country C,2012,Developed,536,542,5.2,31.7,52501.77,78979445,8.4,68.8
Country A,2014,Developed,163,361,4.59,46.0,20814.44,43587099,3.7,75.8
Country C,2002,Developed,286,760,10.11,36.5,46186.21,88762673,18.8,77.8
Country A,2007,Developed,55,123,8.44,77.9,10922.76,13597056,19.3,83.9
Country D,2001,Developing,576,880,12.78,66.5,54293.21,36837962,10.2,52.6
Country A,2014,Developed,33,942,3.63,75.2,9739.3,47939114,9.4,79.7
Country A,2004,Developed,558,647,0.61,49.0,63611.75,83451875,18.0,74.5
Country D,2004,Developed,196,272,2.74,57.5,15577.99,57655993,11.9,77.0
Country B,2006,Developing,448,354,5.16,21.7,54731.23,2415710,5.3,52.6
Country B,2004,Developed,591,99,2.7,62.7,12955.61,90298777,8.5,68.0
Country D,2008,Developing,92,730,1.26,26.5,40101.01,73477323,16.7,70.1
Country D,2002,Developed,608,615,6.69,20.2,35215.56,79522568,17.2,72.1
Country A,2008,Developing,228,300,10.16,12.9,75653.25,75211991,18.8,62.3
Country D,2000,Developing,286,608,11.28,43.1,64134.11,45074296,5.8,61.0
Country D,2002,Developing,235,827,5.99,30.1,93712.03,20418477,13.6,60.5
Country C,2003,Developed,102,881,7.18,79.1,92194.97,27210385,1.4,72.1
Country C,2005,Developing,140,202,11.33,27.5,72513.35,47793286,14.5,66.5
Country B,2009,Developed,655,20,5.3,70.7,77070.04,29049432,11.3,66.7
Country D,2007,Developed,266,197,11.77,32.2,62510.0,77100570,5.0,73.2
Country A,2006,Developed,342,111,14.51,62.4,69181.74,21231043,13.1,75.6
Country B,2007,Developing,573,148,13.21,56.2,61741.38,78120459,2.7,50.8
Country B,2005,Developed,535,380,6.81,49.3,31210.91,31381492,6.7,70.5
Country B,2005,Developing,523,754,8.7,39.2,35101.42,25141730,8.0,53.0
Country D,2013,Developed,16,953,10.75,57.0,57494.65,34131137,15.5,82.5
Country D,2005,Developed,561,182,5.25,38.5,72031.68,37103322,6.2,65.0
Country A,2002,Developed,336,795,11.99,48.4,40641.6,49599159,1.0,70.3
Country A,2013,Developed,390,336,6.56,51.3,14309.65,47153094,3.6,69.4
Country B,2009,Developed,170,337,12.7,28.7,45968.75,29896436,12.2,80.2
Country D,2014,Developed,119,970,3.83,33.8,96320.62,64719724,0.3,73.5
Country A,2003,Developed,42,813,0.18,11.3,21447.98,23987699,15.8,85.5
Country C,2010,Developing,10,299,9.49,69.7,64924.46,14510542,18.0,68.5
Country C,2005,Developed,430,600,6.78,62.9,98255.05,96153250,9.9,71.8
Country B,2012,Developed,468,221,0.91,22.8,37654.96,74504972,14.2,72.9
Country C,2006,Developing,49,759,7.32,35.3,88793.97,96025899,9.3,62.3
Country B,2002,Developing,207,408,2.54,39.5,86407.67,90318417,6.2,55.0
Country D,2003,Developing,679,966,9.45,33.4,33937.54,61686674,3.3,48.5
Country B,2005,Developed,514,688,6.68,65.9,9896.81,21022532,10.4,66.7
Country B,2000,Developing,580,996,2.58,60.8,17894.99,96781087,18.6,58.6
Country D,2010,Developed,210,117,6.18,63.7,36606.63,27091244,17.8,82.0
Country A,2014,Developing,139,173,3.5,73.3,95915.47,27605234,18.4,66.3
Country A,2006,Developed,37,218,9.8,51.7,27481.29,79782597,19.3,84.7
Country A,2012,Developing,218,375,4.43,53.0,92690.13,42268016,3.3,58.1
Country A,2014,Developed,456,729,12.33,60.5,18177.4,89897048,2.9,69.2
Country B,2010,Developed,512,318,0.22,57.7,96982.75,89901315,8.6,68.9
Country A,2000,Developed,278,588,6.06,70.9,29395.77,46349053,13.8,73.9
Country C,2010,Developing,180,87,9.26,63.9,63327.57,1625837,8.8,57.3
Country C,2012,Developing,517,907,0.35,18.4,7015.64,37802753,17.8,57.9
Country A,2011,Developing,130,77,3.25,75.0,30001.43,81543287,14.3,61.3
Country C,2012,Developing,645,440,4.92,57.8,21110.51,42610906,12.7,53.5
Country C,2011,Developing,611,200,0.34,18.9,391.5,29351669,1.4,49.0
Country D,2012,Developed,672,575,8.2,64.0,15719.14,68723722,3.5,62.3
Country D,2009,Developing,659,414,9.47,35.1,59330.71,11160604,8.6,52.6
Country A,2010,Developed,359,3,3.42,66.4,39022.52,48709086,19.5,77.9
Country B,2015,Developed,627,949,8.16,76.9,72270.97,73197899,6.7,64.5
Country B,2014,Developed,4,82,14.99,27.9,67123.91,86427036,12.6,80.3
Country D,2010,Developed,599,704,13.3,70.0,79939.99,93795753,19.8,75.6
Country D,2008,Developing,558,988,0.89,64.1,86709.15,43224564,5.3,48.1
Country B,2009,Developing,83,492,1.93,57.0,81991.56,54908146,3.3,59.5
Country A,2008,Developing,154,5,7.42,36.9,44833.68,74789747,10.9,62.8
Country B,2010,Developing,506,704,3.69,17.7,30907.34,78395976,11.0,54.2
Country B,2008,Developing,509,728,1.22,43.9,50255.13,38108221,18.4,57.6
Country C,2003,Developing,623,346,3.83,17.4,53536.09,42845468,0.5,50.0
Country B,2001,Developed,629,533,0.93,45.0,31351.79,44152048,8.1,70.6
Country D,2006,Developing,97,656,7.95,67.4,54023.65,84821459,6.2,60.5
Country A,2012,Developed,282,954,7.36,79.8,10622.68,72448558,11.4,75.1
Country B,2003,Developed,600,796,0.1,23.9,23142.63,80934904,0.2,64.3
Country C,2013,Developed,599,450,7.24,24.6,74617.51,69572772,14.2,68.1
Country D,2004,Developed,538,144,7.8,66.8,18324.08,81459341,9.7,69.2
Country D,2000,Developing,429,1,9.09,42.8,13946.83,97729038,14.0,61.5
Country C,2010,Developing,543,287,14.55,74.1,28769.95,88084309,9.0,58.4
Country D,2011,Developed,126,917,14.74,63.8,37136.36,65343682,9.5,74.7
Country C,2009,Developing,301,870,7.91,61.5,32888.44,98872389,17.9,61.1
Country D,2012,Developed,543,224,12.68,17.1,37491.81,27414661,4.2,65.4
Country D,2005,Developed,367,953,1.29,12.5,14034.24,97745746,4.3,69.1
Country D,2011,Developed,45,436,7.97,32.2,16581.25,21558281,11.2,81.9
Country D,2014,Developed,493,213,10.19,25.2,23621.71,58437384,13.2,71.8
Country C,2006,Developing,316,942,8.48,59.9,40229.1,98631047,7.1,59.2
Country B,2002,Developed,189,899,3.47,41.6,33623.12,34755041,10.4,76.9
Country D,2009,Developing,52,165,0.95,46.6,79143.93,99683827,4.6,61.0
Country C,2001,Developed,564,372,5.81,67.0,52575.52,42091728,2.7,66.0
Country C,2012,Developing,332,652,9.72,43.5,57591.32,88582718,4.8,51.2
Country C,2011,Developing,499,828,14.88,48.1,56081.26,4148804,18.3,58.5
Country B,2011,Developing,318,506,3.56,69.0,39907.57,59541672,16.0,61.1
Country A,2015,Developed,410,982,13.77,40.2,98049.31,45355451,2.8,65.4
Country C,2009,Developed,323,575,1.03,15.8,3781.01,20350449,0.9,71.7
Country C,2006,Developing,591,332,13.97,46.5,21622.99,1242724,1.9,48.6
Country C,2015,Developing,561,211,12.49,50.6,28501.24,7810810,5.9,52.5
Country B,2000,Developed,230,288,0.32,45.8,88135.74,56184802,16.2,80.2
Country D,2001,Developing,344,609,4.48,28.1,91890.97,36188263,6.4,54.7
Country B,2002,Developing,371,165,0.77,25.7,84618.08,59065660,3.7,55.0
Country C,2003,Developing,556,125,14.93,35.9,41724.25,75607712,7.9,49.6
Country A,2014,Developed,292,156,6.42,21.6,91466.66,94417746,2.5,71.5
Country C,2004,Developed,437,761,9.94,56.6,9895.88,92353354,9.4,69.9
Country D,2015,Developed,247,572,3.52,53.0,65260.85,88220706,13.5,76.3
Country A,2003,Developed,219,31,14.01,54.3,93725.52,21152727,7.4,76.6
Country A,2014,Developed,534,906,4.12,25.7,75502.24,75889607,3.5,69.7
Country B,2009,Developed,642,273,3.91,27.3,27822.82,6000797,9.1,65.3
Country B,2002,Developing,519,300,4.73,65.1,71764.71,39639529,15.2,55.5
Country D,2000,Developing,472,20,6.94,58.3,29511.6,99845323,1.5,52.7
Country B,2014,Developing,350,523,0.29,71.3,11202.63,76684823,1.4,55.0
Country D,2006,Developing,44,755,8.97,38.2,71736.29,46714386,6.4,59.9
Country A,2011,Developing,65,614,0.48,48.3,17963.7,65370232,8.3,62.8
Country A,2009,Developing,246,275,8.09,61.7,11150.94,74392678,4.3,57.2
Country A,2005,Developed,585,6,6.87,78.2,55198.42,18158902,0.5,63.5
Country D,2001,Developing,71,858,3.65,79.3,62081.49,37263069,4.4,62.1
Country B,2001,Developing,158,454,4.95,79.9,5153.08,57787275,8.7,64.2
Country B,2002,Developed,475,129,10.59,72.3,496.67,77539711,1.6,65.8
Country B,2007,Developed,25,298,0.15,54.8,88212.93,23104608,14.3,85.2
Country C,2007,Developing,583,96,4.76,10.5,11569.49,17464015,11.0,53.6
Country A,2009,Developing,223,276,10.21,59.0,58410.61,20542303,8.7,63.2
Country A,2014,Developing,160,284,2.29,26.7,95356.95,82415268,10.4,62.8
Country C,2009,Developed,75,799,8.41,14.0,51215.42,53790980,13.1,82.2
Country A,2009,Developed,138,172,2.54,58.8,14022.81,97971253,19.9,84.1
Country A,2015,Developed,479,331,2.33,62.9,39378.78,37947937,15.5,71.5
Country C,2011,Developed,553,204,11.59,56.2,62423.01,99972055,10.8,70.1
Country A,2009,Developing,303,102,4.01,35.6,76295.82,82823613,15.4,59.8
Country B,2010,Developing,387,624,5.64,45.8,60713.45,32336854,9.5,56.8
Country C,2013,Developing,472,954,10.95,75.4,3479.86,69841052,6.2,51.4
Country A,2011,Developed,334,359,2.7,61.1,14353.13,42746413,5.2,70.5
Country B,2007,Developed,309,130,7.98,45.3,37211.58,75183344,8.0,72.9
Country D,2006,Developing,528,38,13.77,51.5,70586.08,75653811,0.0,47.7
Country A,2013,Developing,540,306,8.31,74.9,58453.58,17866668,3.5,50.9
Country C,2001,Developing,163,883,0.74,37.6,4517.26,66977633,2.5,59.6
Country B,2000,Developed,55,519,8.85,17.1,79698.75,85816719,19.2,81.5
Country D,2005,Developing,455,877,1.36,32.8,60532.19,18204706,1.3,53.3
Country D,2010,Developed,305,45,4.24,39.1,88720.65,98990867,10.0,75.7
Country A,2007,Developing,102,193,12.75,29.1,41794.43,72824616,18.4,65.3
Country D,2000,Developing,554,517,0.18,47.0,49045.67,79004658,12.2,49.8
Country C,2002,Developed,388,879,1.16,31.3,40584.8,80563134,9.9,74.4
Country D,2014,Developed,683,569,5.46,17.2,72259.33,32831468,14.9,68.3
Country A,2000,Developed,208,168,14.99,23.2,75225.48,55900852,7.1,74.4
Country D,2009,Developing,315,121,4.39,74.3,72338.08,3404121,3.9,59.7
Country A,2008,Developed,49,248,2.37,54.1,29195.35,45027761,16.9,83.3
Country D,2006,Developing,572,206,8.25,32.0,63621.35,73910168,1.1,50.0
Country B,2013,Developed,518,114,7.79,35.7,33885.89,9102746,16.2,72.7
Country A,2007,Developing,148,238,6.75,44.5,83428.33,5370251,2.1,57.7
Country C,2008,Developed,211,565,14.2,57.1,5558.86,64622839,12.5,76.9
Country C,2002,Developed,372,75,4.21,50.8,3820.19,30228160,9.5,72.0
Country D,2009,Developing,662,168,4.41,75.3,10215.76,96753683,20.0,53.4
Country B,2010,Developed,597,47,2.11,53.8,20276.2,97047307,7.8,65.0
Country D,2001,Developing,672,735,10.46,73.8,3811.65,53673539,19.1,56.0
Country D,2005,Developing,47,69,4.83,10.4,7208.09,14335379,8.1,67.2
Country B,2004,Developing,674,507,12.04,72.3,30640.35,23504115,13.6,50.5
Country A,2003,Developed,499,154,14.58,60.5,10024.08,62390081,12.9,70.4
Country C,2005,Developing,155,558,0.66,22.1,80217.27,16432683,1.7,56.7
Country B,2014,Developed,230,460,14.9,28.4,5434.05,41036926,14.9,79.2
Country D,2005,Developed,300,372,3.82,48.0,90797.55,2503247,4.2,71.3
Country A,2011,Developing,158,790,6.31,18.7,87090.41,69653861,7.8,59.5
Country D,2002,Developed,673,201,11.67,65.0,20878.02,22403845,15.6,71.6
Country A,2013,Developing,247,653,9.98,65.4,7199.13,57756343,18.9,62.5
Country C,2001,Developing,568,316,11.68,31.1,10598.23,14493577,11.2,53.2
Country C,2008,Developing,151,450,7.0,14.9,55930.87,99351117,10.4,60.0
Country A,2007,Developing,299,637,13.74,79.2,60111.53,422723,10.1,61.1
Country C,2013,Developing,54,843,11.85,27.6,31592.5,13492888,16.3,67.0
Country D,2003,Developing,223,664,4.65,14.7,29718.53,59949459,19.9,64.1
Country A,2005,Developed,580,576,14.23,33.1,53173.55,44665232,12.7,70.6
Country D,2002,Developed,565,95,14.42,77.8,30597.52,97506071,7.6,70.7
Country A,2015,Developed,467,919,6.23,65.5,93435.23,15090862,4.4,63.3
Country D,2010,Developed,486,692,9.78,43.6,38294.05,88108015,4.0,68.5
Country C,2007,Developed,552,495,12.22,31.4,22020.38,98958190,17.1,76.0
Country B,2002,Developing,444,361,12.26,39.6,14639.19,60118796,19.8,64.1
Country D,2001,Developed,138,456,0.22,11.2,63189.23,11303838,14.0,78.7
Country A,2014,Developing,650,177,9.44,60.3,32699.83,939310,19.1,56.7
Country C,2006,Developed,292,128,14.61,17.0,18920.04,21424793,7.0,73.1
Country A,2013,Developed,210,489,3.48,46.3,27617.76,26663511,12.6,76.6
Country D,2015,Developing,684,38,11.94,49.6,30822.76,29540174,10.2,53.3
Country A,2002,Developed,697,457,8.02,10.1,62602.06,21901308,9.6,62.6
Country A,2012,Developed,211,811,3.33,78.6,17509.42,60963337,12.6,78.2
Country D,2008,Developed,663,872,0.78,31.1,73293.74,56185240,6.2,64.7
Country C,2014,Developing,388,349,11.4,15.4,30522.98,36086240,12.8,60.7
Country C,2002,Developed,396,644,4.75,69.8,48856.54,45004802,13.5,76.0
Country D,2014,Developing,124,890,5.64,20.6,65501.16,74730991,16.7,66.1
Country C,2007,Developed,561,451,7.28,11.7,54384.83,28813193,14.6,69.8
Country B,2001,Developing,124,379,7.61,44.6,66240.24,66606585,6.4,62.8
Country A,2008,Developed,68,108,3.1,19.1,32293.42,1793946,9.0,75.6
Country D,2000,Developing,475,583,10.06,78.8,96346.82,91766235,2.4,49.6
Country B,2011,Developing,358,207,10.39,10.7,45926.02,63949171,5.1,55.2
Country A,2002,Developed,456,576,2.14,13.6,32227.26,32467901,10.4,70.0
Country D,2010,Developed,346,240,8.0,68.3,29674.58,65579290,2.0,68.6
Country C,2013,Developed,521,590,9.14,26.8,4317.36,75124197,11.4,69.7
Country D,2001,Developing,637,87,2.8,73.8,68496.35,94741158,7.8,51.1
Country D,2012,Developed,624,398,13.42,31.8,26288.4,55674255,0.7,65.8
Country A,2013,Developing,498,689,7.25,14.9,95895.07,16942205,8.7,52.1
Country A,2012,Developed,328,261,1.73,10.7,21083.95,11430353,5.6,70.3
Country A,2011,Developed,330,577,5.02,29.8,52972.64,2158211,1.3,70.7
Country B,2014,Developing,566,324,7.16,43.2,73560.3,10844182,5.9,51.7
Country C,2006,Developed,427,370,0.16,10.1,87018.02,51232031,5.9,67.5
Country D,2004,Developed,443,934,0.49,50.7,15688.27,47244167,7.1,69.5
Country D,2014,Developed,601,104,0.84,33.4,98540.88,7864700,7.3,63.6
Country C,2007,Developing,95,97,8.08,37.3,90679.56,61120385,8.6,64.5
Country D,2001,Developing,451,486,5.05,28.3,96286.83,30749301,1.8,52.1
Country A,2007,Developing,317,95,13.4,47.0,85274.44,11553590,0.1,58.1
Country D,2006,Developing,487,924,8.39,26.1,87773.04,84233205,14.7,55.4
Country C,2011,Developed,678,988,11.4,19.4,59902.95,83919691,6.7,63.5
Country B,2010,Developed,648,471,10.31,72.3,84538.74,36810474,12.3,68.5
Country B,2004,Developed,577,45,7.81,37.3,53424.64,16825043,6.1,69.1
Country C,2001,Developing,5,889,11.17,15.4,53844.81,25704942,19.7,68.8
Country D,2009,Developed,632,30,8.18,26.1,56279.88,8894990,6.3,64.1
Country D,2010,Developing,371,407,5.79,31.7,99631.98,92644317,12.1,58.8
Country B,2006,Developed,555,374,6.54,63.9,10484.26,68392096,4.4,64.8
Country D,2009,Developing,188,381,12.58,11.6,80570.72,89766997,10.4,62.4
Country B,2003,Developing,26,910,8.45,43.5,27367.59,47192616,11.6,65.4
Country C,2003,Developed,162,715,5.67,38.5,36154.65,99419854,3.7,75.0
Country C,2007,Developing,130,659,2.7,77.8,8099.3,41409792,2.5,60.4
